symbol,momentum_1m,momentum_3m,momentum_6m,volume_increase,above_ma,volatility,momentum_1m_contribution,momentum_3m_contribution,momentum_6m_contribution,volume_increase_contribution,above_ma_contribution,volatility_penalty_contribution,score,rank,model,momentum_1m_relative_contribution,momentum_3m_relative_contribution,momentum_6m_relative_contribution,volume_increase_relative_contribution,above_ma_relative_contribution,volatility_penalty_relative_contribution,expected_return_low,expected_return_mid,expected_return_high,snapshot_date,benchmark_date,policy,regime_status,bist100_close,bist100_ma200,bist100_below_ma200,active_model,active_portfolio_size,recommended,action,confidence_score,snapshot_month,min_buy_expected_return,opportunity_filter_percentile,opportunity_threshold
TOASO.IS,0.0405405405405405,0.1344383057090239,0.3291202895039857,0.0905274016867432,1.0,0.027829971582165,0.0970588235294117,0.1529411764705882,0.1235294117647058,0.3088235294117646,0.0823529411764705,0.0147058823529411,0.7794117647058824,1,volume_heavy,0.1245283018867924,0.1962264150943396,0.1584905660377358,0.3962264150943396,0.1056603773584905,0.0188679245283018,-0.0124320687288295,0.1075944563040492,0.1261892695744424,2026-06-30 00:00:00,2026-06-30,defensive_mode,ABOVE_MA200_RISK_ON,14121.7998046875,12580.334526367187,False,volume_heavy,10,True,BUY,73.51,2026-06,0.0,0.5,0.0373495216166321
AKBNK.IS,0.2087911943134301,0.1737805151074227,0.1426005713374192,0.0730250980207471,1.0,0.0312069966438007,0.15,0.1764705882352941,0.0529411764705882,0.288235294117647,0.0823529411764705,0.0058823529411764,0.7558823529411764,2,volume_heavy,0.1984435797665369,0.2334630350194552,0.0700389105058365,0.3813229571984435,0.1089494163424124,0.0077821011673151,-0.0253879955685062,0.0,0.0856125317533016,2026-06-30 00:00:00,2026-06-30,defensive_mode,ABOVE_MA200_RISK_ON,14121.7998046875,12580.334526367187,False,volume_heavy,10,True,HOLD,73.51,2026-06,0.0,0.5,0.0373495216166321
BIMAS.IS,-0.0110374342014369,0.0657542604749421,0.3686946450283104,0.137998360091919,0.5,0.020100802691767,0.0529411764705882,0.1058823529411764,0.1323529411764706,0.35,0.0441176470588235,0.0470588235294117,0.7323529411764704,3,volume_heavy,0.072289156626506,0.1445783132530121,0.1807228915662651,0.4779116465863454,0.0602409638554217,0.0642570281124498,-0.0037105176120389,0.0485933259961082,0.132352990185063,2026-06-30 00:00:00,2026-06-30,defensive_mode,ABOVE_MA200_RISK_ON,14121.7998046875,12580.334526367187,False,volume_heavy,10,True,BUY,73.51,2026-06,0.0,0.5,0.0373495216166321
GARAN.IS,0.1210398189323396,0.1440375433869931,0.015394098141263,0.028116501409156,1.0,0.0258943922149351,0.1323529411764706,0.1647058823529411,0.0352941176470588,0.2470588235294117,0.0823529411764705,0.0235294117647058,0.6852941176470588,4,volume_heavy,0.1931330472103004,0.2403433476394849,0.0515021459227467,0.3605150214592275,0.1201716738197424,0.0343347639484978,-0.0072551138029504,0.0795560183272892,0.193842776901062,2026-06-30 00:00:00,2026-06-30,defensive_mode,ABOVE_MA200_RISK_ON,14121.7998046875,12580.334526367187,False,volume_heavy,10,True,BUY,73.51,2026-06,0.0,0.5,0.0373495216166321
THYAO.IS,0.118353344768439,0.129004329004329,0.2325141776937618,0.0127105153690736,1.0,0.0225112815198325,0.1235294117647058,0.1411764705882353,0.1058823529411764,0.1852941176470588,0.0823529411764705,0.0352941176470588,0.6735294117647059,5,volume_heavy,0.1834061135371179,0.2096069868995633,0.1572052401746724,0.2751091703056768,0.1222707423580786,0.0524017467248908,-0.0557183387298561,0.003753763602968,0.0731182729479942,2026-06-30 00:00:00,2026-06-30,defensive_mode,ABOVE_MA200_RISK_ON,14121.7998046875,12580.334526367187,False,volume_heavy,10,True,HOLD,73.51,2026-06,0.0,0.5,0.0373495216166321
ASELS.IS,-0.1015625,0.0764430577223089,0.5610859728506787,0.1373510955290962,0.5,0.0315806993619271,0.0176470588235294,0.1176470588235294,0.1411764705882353,0.3294117647058823,0.0441176470588235,0.0029411764705882,0.6529411764705882,6,volume_heavy,0.027027027027027,0.1801801801801802,0.2162162162162162,0.5045045045045045,0.0675675675675675,0.0045045045045045,-0.0197860443083401,0.0768722134832022,0.2317506214474041,2026-06-30 00:00:00,2026-06-30,defensive_mode,ABOVE_MA200_RISK_ON,14121.7998046875,12580.334526367187,False,volume_heavy,10,True,BUY,73.51,2026-06,0.0,0.5,0.0373495216166321
YKBNK.IS,0.2010772468248522,0.2267725517152612,0.123111289998417,0.0040081699593914,1.0,0.0306955552106629,0.1411764705882353,0.188235294117647,0.0441176470588235,0.1647058823529411,0.0823529411764705,0.0088235294117647,0.6294117647058823,7,volume_heavy,0.2242990654205607,0.2990654205607476,0.0700934579439252,0.2616822429906542,0.1308411214953271,0.014018691588785,-0.053387959227386,0.0177083448864976,0.1046024808035823,2026-06-30 00:00:00,2026-06-30,defensive_mode,ABOVE_MA200_RISK_ON,14121.7998046875,12580.334526367187,False,volume_heavy,10,True,HOLD,73.51,2026-06,0.0,0.5,0.0373495216166321
SAHOL.IS,0.0955056179775279,0.114357713018393,0.1800643630169451,-0.0878507026962331,1.0,0.0256909785519578,0.1147058823529411,0.1294117647058823,0.088235294117647,0.1441176470588235,0.0823529411764705,0.0264705882352941,0.5852941176470589,8,volume_heavy,0.1959798994974874,0.2211055276381909,0.1507537688442211,0.2462311557788944,0.1407035175879397,0.0452261306532663,0.007822789977818,0.0706177639409747,0.1358528461501646,2026-06-30 00:00:00,2026-06-30,defensive_mode,ABOVE_MA200_RISK_ON,14121.7998046875,12580.334526367187,False,volume_heavy,10,True,BUY,73.51,2026-06,0.0,0.5,0.0373495216166321
TCELL.IS,0.0467836561709942,0.0267686720134183,0.1431613093616857,0.0218775253361387,0.5,0.02342229465431,0.1058823529411764,0.0823529411764705,0.0617647058823529,0.2264705882352941,0.0441176470588235,0.0294117647058823,0.5499999999999999,9,volume_heavy,0.1925133689839572,0.1497326203208556,0.1122994652406417,0.411764705882353,0.0802139037433155,0.053475935828877,-0.0448027560808507,-0.0056461366774436,0.0564225381710495,2026-06-30 00:00:00,2026-06-30,defensive_mode,ABOVE_MA200_RISK_ON,14121.7998046875,12580.334526367187,False,volume_heavy,10,True,SELL,73.51,2026-06,0.0,0.5,0.0373495216166321
EREGL.IS,0.0257601232970436,0.4876870274260509,0.7356348450531796,-0.1734088502350548,1.0,0.0278150966248688,0.0705882352941176,0.2,0.15,0.0205882352941176,0.0823529411764705,0.0176470588235294,0.5411764705882354,10,volume_heavy,0.1304347826086956,0.3695652173913043,0.2771739130434782,0.0380434782608695,0.1521739130434782,0.0326086956521739,-0.0901384342712845,0.026105717237156,0.0972189796818382,2026-06-30 00:00:00,2026-06-30,defensive_mode,ABOVE_MA200_RISK_ON,14121.7998046875,12580.334526367187,False,volume_heavy,10,True,HOLD,73.51,2026-06,0.0,0.5,0.0373495216166321
KCHOL.IS,0.0403225806451612,-0.0025773195876288,0.1991334160479538,0.0159376697174218,0.5,0.0215142684327434,0.088235294117647,0.0588235294117647,0.0970588235294117,0.2058823529411764,0.0441176470588235,0.0441176470588235,0.538235294117647,11,volume_heavy,0.1639344262295082,0.1092896174863388,0.180327868852459,0.3825136612021858,0.0819672131147541,0.0819672131147541,-0.0567376780722056,-0.0048224528887045,0.1051306575728901,2026-06-30 00:00:00,2026-06-30,defensive_mode,ABOVE_MA200_RISK_ON,14121.7998046875,12580.334526367187,False,volume_heavy,10,False,SELL,73.51,2026-06,0.0,0.5,0.0373495216166321
FROTO.IS,-0.0076290366169758,-0.1544999694824218,-0.0395191935597799,0.0523806805880611,0.0,0.0218445468993738,0.0617647058823529,0.0117647058823529,0.0176470588235294,0.2676470588235293,0.0147058823529411,0.0411764705882352,0.4147058823529411,12,volume_heavy,0.1489361702127659,0.0283687943262411,0.0425531914893617,0.6453900709219857,0.0354609929078014,0.0992907801418439,0.0061380385671845,0.0808130856985159,0.1342482593920939,2026-06-30 00:00:00,2026-06-30,defensive_mode,ABOVE_MA200_RISK_ON,14121.7998046875,12580.334526367187,False,volume_heavy,10,False,EXCLUDE,73.51,2026-06,0.0,0.5,0.0373495216166321
SISE.IS,-0.0263736431415264,0.0412008951134119,0.1723030117531336,-0.1184166199344576,0.5,0.0263786514325273,0.0441176470588235,0.0941176470588235,0.0705882352941176,0.0823529411764705,0.0441176470588235,0.0205882352941176,0.3558823529411765,13,volume_heavy,0.1239669421487603,0.2644628099173554,0.1983471074380165,0.2314049586776859,0.1239669421487603,0.0578512396694214,-0.0745501265047519,0.0121673317168956,0.0340611762907652,2026-06-30 00:00:00,2026-06-30,defensive_mode,ABOVE_MA200_RISK_ON,14121.7998046875,12580.334526367187,False,volume_heavy,10,False,EXCLUDE,73.51,2026-06,0.0,0.5,0.0373495216166321
PGSUS.IS,0.0397862972082394,0.0028636883305923,-0.103889398296107,-0.0943762766172319,0.0,0.021937418480809,0.0794117647058823,0.0705882352941176,0.0088235294117647,0.1029411764705882,0.0147058823529411,0.038235294117647,0.3147058823529411,14,volume_heavy,0.2523364485981308,0.2242990654205608,0.02803738317757,0.3271028037383177,0.0467289719626168,0.1214953271028037,-0.0226942511595867,0.0755819672039007,0.1569055974008207,2026-06-30 00:00:00,2026-06-30,defensive_mode,ABOVE_MA200_RISK_ON,14121.7998046875,12580.334526367187,False,volume_heavy,10,False,EXCLUDE,73.51,2026-06,0.0,0.5,0.0373495216166321
TUPRS.IS,-0.0710493847698464,-0.0789473684210526,0.2934423393672529,-0.1672261723215927,0.5,0.0225986625249971,0.0264705882352941,0.0352941176470588,0.1147058823529411,0.0411764705882352,0.0441176470588235,0.0323529411764705,0.2941176470588235,15,volume_heavy,0.09,0.12,0.39,0.14,0.15,0.11,-0.000499101644706,0.0591900342525799,0.1246796950962052,2026-06-30 00:00:00,2026-06-30,defensive_mode,ABOVE_MA200_RISK_ON,14121.7998046875,12580.334526367187,False,volume_heavy,10,False,EXCLUDE,73.51,2026-06,0.0,0.5,0.0373495216166321
ARCLK.IS,-0.0447115531334509,-0.0800926067211009,-0.0326192655663796,-0.0892604208174311,0.0,0.0185044158451256,0.0352941176470588,0.0235294117647058,0.0264705882352941,0.1235294117647058,0.0147058823529411,0.05,0.2735294117647059,16,volume_heavy,0.1290322580645161,0.086021505376344,0.096774193548387,0.4516129032258064,0.053763440860215,0.1827956989247312,0.0232679969233392,0.0759493836366431,0.1060185827281931,2026-06-30 00:00:00,2026-06-30,defensive_mode,ABOVE_MA200_RISK_ON,14121.7998046875,12580.334526367187,False,volume_heavy,10,False,EXCLUDE,73.51,2026-06,0.0,0.5,0.0373495216166321
PETKM.IS,-0.1712922353456524,-0.0678048482755335,0.1781751799839863,-0.155712295870134,0.0,0.028274682178536,0.0088235294117647,0.0470588235294117,0.0794117647058823,0.0617647058823529,0.0147058823529411,0.0117647058823529,0.2235294117647058,17,volume_heavy,0.0394736842105263,0.2105263157894737,0.3552631578947368,0.2763157894736842,0.0657894736842105,0.0526315789473684,0.0065881984661268,0.0649745159602987,0.1215346744496443,2026-06-30 00:00:00,2026-06-30,defensive_mode,ABOVE_MA200_RISK_ON,14121.7998046875,12580.334526367187,False,volume_heavy,10,False,EXCLUDE,73.51,2026-06,0.0,0.5,0.0373495216166321
TUPRS.IS,0.2659340659340659,0.0453720508166968,0.2378625074667744,0.169694726002096,1.0,0.0240855922651444,0.15,0.188235294117647,0.1411764705882353,0.2676470588235293,0.0941176470588235,0.0235294117647058,0.8647058823529412,1,volume_heavy,0.173469387755102,0.2176870748299319,0.1632653061224489,0.3095238095238094,0.1088435374149659,0.0272108843537414,-0.064683929638042,0.0571655276246191,0.1505434643863876,2026-07-30 00:00:00,2026-07-31,defensive_mode,ABOVE_MA200_RISK_ON,13458.099609375,12915.859038085937,False,volume_heavy,10,True,BUY,61.8,2026-07,0.0,0.5,0.0124186871347501
BIMAS.IS,0.0485968514715948,0.0384215709872148,0.1596228931141181,0.1374275655194465,1.0,0.020736118110066,0.1411764705882353,0.1764705882352941,0.1323529411764706,0.2058823529411764,0.0941176470588235,0.0411764705882352,0.7911764705882351,2,volume_heavy,0.1784386617100372,0.2230483271375465,0.1672862453531599,0.2602230483271376,0.1189591078066914,0.0520446096654275,-0.0553091322415601,0.0184998271357302,0.0814962596984995,2026-07-30 00:00:00,2026-07-31,defensive_mode,ABOVE_MA200_RISK_ON,13458.099609375,12915.859038085937,False,volume_heavy,10,True,BUY,61.8,2026-07,0.0,0.5,0.0124186871347501
THYAO.IS,-0.0544478527607361,-0.019872813990461,0.0343959731543623,0.1679527305250641,0.5,0.0216824464777645,0.088235294117647,0.1647058823529411,0.1058823529411764,0.2470588235294117,0.0764705882352941,0.0323529411764705,0.7147058823529412,3,volume_heavy,0.1234567901234568,0.2304526748971193,0.1481481481481481,0.345679012345679,0.1069958847736625,0.0452674897119341,-0.0557185041218549,0.00633754713377,0.1846002415757828,2026-07-30 00:00:00,2026-07-31,defensive_mode,ABOVE_MA200_RISK_ON,13458.099609375,12915.859038085937,False,volume_heavy,10,True,HOLD,61.8,2026-07,0.0,0.5,0.0124186871347501
ASELS.IS,-0.0217391304347825,-0.2068155111633373,0.0975609756097561,0.4415849118874515,0.5,0.0324840374283458,0.1058823529411764,0.0352941176470588,0.1235294117647058,0.35,0.0764705882352941,0.0029411764705882,0.6941176470588235,4,volume_heavy,0.1525423728813559,0.0508474576271186,0.1779661016949152,0.5042372881355932,0.1101694915254237,0.0042372881355932,-0.065000031562885,0.0535513188368701,0.1516950211453938,2026-07-30 00:00:00,2026-07-31,defensive_mode,ABOVE_MA200_RISK_ON,13458.099609375,12915.859038085937,False,volume_heavy,10,True,BUY,61.8,2026-07,0.0,0.5,0.0124186871347501
EREGL.IS,0.0474308795789206,0.2745110090474421,0.5403768903816819,-0.1212210314564358,1.0,0.0278304305933973,0.1323529411764706,0.2,0.15,0.0617647058823529,0.0941176470588235,0.0147058823529411,0.6529411764705882,5,volume_heavy,0.2027027027027027,0.3063063063063063,0.2297297297297297,0.0945945945945946,0.1441441441441441,0.0225225225225225,-0.0603687118615568,-0.0181818861523047,0.0613531469582715,2026-07-30 00:00:00,2026-07-31,defensive_mode,ABOVE_MA200_RISK_ON,13458.099609375,12915.859038085937,False,volume_heavy,10,True,SELL,61.8,2026-07,0.0,0.5,0.0124186871347501
KCHOL.IS,-0.0103359173126614,-0.0533860745864381,-0.0140935090546813,0.0901036718581957,0.5,0.0208004752934908,0.1147058823529411,0.1529411764705882,0.088235294117647,0.1647058823529411,0.0764705882352941,0.038235294117647,0.6352941176470589,6,volume_heavy,0.1805555555555555,0.2407407407407407,0.1388888888888889,0.2592592592592592,0.1203703703703703,0.0601851851851851,-0.0083587023213938,0.0185279555776163,0.0757754432413195,2026-07-30 00:00:00,2026-07-31,defensive_mode,ABOVE_MA200_RISK_ON,13458.099609375,12915.859038085937,False,volume_heavy,10,True,BUY,61.8,2026-07,0.0,0.5,0.0124186871347501
TCELL.IS,-0.0549348365182029,-0.0945584176485797,-0.1242450503563071,0.1718750834952389,0.0,0.0224080999198345,0.0794117647058823,0.1176470588235294,0.0705882352941176,0.288235294117647,0.0352941176470588,0.0264705882352941,0.6176470588235294,7,volume_heavy,0.1285714285714285,0.1904761904761905,0.1142857142857142,0.4666666666666666,0.0571428571428571,0.0428571428571428,-0.0616850558301536,-0.0232805184548855,0.0289374356535263,2026-07-30 00:00:00,2026-07-31,defensive_mode,ABOVE_MA200_RISK_ON,13458.099609375,12915.859038085937,False,volume_heavy,10,True,SELL,61.8,2026-07,0.0,0.5,0.0124186871347501
PETKM.IS,-0.0052328821703729,-0.2340853963488951,0.0439319706002252,0.1814697435180641,0.0,0.0306564067578824,0.1235294117647058,0.0117647058823529,0.1147058823529411,0.3088235294117646,0.0352941176470588,0.0058823529411764,0.5999999999999999,8,volume_heavy,0.2058823529411765,0.0196078431372549,0.1911764705882353,0.5147058823529412,0.0588235294117647,0.0098039215686274,-0.0508068399973923,0.0,0.0558282141107764,2026-07-30 00:00:00,2026-07-31,defensive_mode,ABOVE_MA200_RISK_ON,13458.099609375,12915.859038085937,False,volume_heavy,10,True,HOLD,61.8,2026-07,0.0,0.5,0.0124186871347501
TOASO.IS,-0.1542207792207792,-0.122156697556866,-0.1125098472095682,0.1544275616634598,0.0,0.0261229653188725,0.0352941176470588,0.1058823529411764,0.0794117647058823,0.2264705882352941,0.0352941176470588,0.0176470588235294,0.4999999999999999,9,volume_heavy,0.0705882352941176,0.211764705882353,0.1588235294117647,0.4529411764705883,0.0705882352941176,0.0352941176470588,-0.0713413679291167,0.0050933786078097,0.1023869095225903,2026-07-30 00:00:00,2026-07-31,defensive_mode,ABOVE_MA200_RISK_ON,13458.099609375,12915.859038085937,False,volume_heavy,10,True,HOLD,61.8,2026-07,0.0,0.5,0.0124186871347501
YKBNK.IS,-0.2277030276190168,-0.1520788064672471,-0.1798941633415053,0.3681799662578611,0.0,0.0290376821986274,0.0088235294117647,0.0705882352941176,0.0441176470588235,0.3294117647058823,0.0352941176470588,0.0088235294117647,0.4970588235294118,10,volume_heavy,0.0177514792899408,0.1420118343195266,0.0887573964497041,0.6627218934911242,0.0710059171597633,0.0177514792899408,-0.0871211981752482,0.0238095584443063,0.0792953142437882,2026-07-30 00:00:00,2026-07-31,defensive_mode,ABOVE_MA200_RISK_ON,13458.099609375,12915.859038085937,False,volume_heavy,10,True,BUY,61.8,2026-07,0.0,0.5,0.0124186871347501
GARAN.IS,-0.1079710255498471,-0.0723436224182088,-0.1478736507352386,-0.0184836527725801,0.0,0.0221556678262783,0.0529411764705882,0.1411764705882353,0.0617647058823529,0.1029411764705882,0.0352941176470588,0.0294117647058823,0.4235294117647059,11,volume_heavy,0.1249999999999999,0.3333333333333333,0.1458333333333333,0.2430555555555555,0.0833333333333333,0.0694444444444444,-0.095219456003436,0.0156795465450354,0.1050978141702309,2026-07-30 00:00:00,2026-07-31,defensive_mode,ABOVE_MA200_RISK_ON,13458.099609375,12915.859038085937,False,volume_heavy,10,False,EXCLUDE,61.8,2026-07,0.0,0.5,0.0124186871347501
SAHOL.IS,-0.1558974045973558,-0.1440457436747242,-0.2066204726021715,0.1007071692957457,0.0,0.0216767047470469,0.0264705882352941,0.0823529411764705,0.0352941176470588,0.1852941176470588,0.0352941176470588,0.0352941176470588,0.3999999999999999,12,volume_heavy,0.0661764705882353,0.2058823529411765,0.088235294117647,0.4632352941176471,0.088235294117647,0.088235294117647,-0.0962369444420798,-0.0016722575212708,0.0295336639083942,2026-07-30 00:00:00,2026-07-31,defensive_mode,ABOVE_MA200_RISK_ON,13458.099609375,12915.859038085937,False,volume_heavy,10,False,SELL,61.8,2026-07,0.0,0.5,0.0124186871347501
SISE.IS,-0.0668171362404083,-0.087243105240541,0.0061819138307206,-0.186407435530273,0.0,0.0253707760054063,0.0705882352941176,0.1294117647058823,0.0970588235294117,0.0411764705882352,0.0352941176470588,0.0205882352941176,0.3941176470588235,13,volume_heavy,0.1791044776119403,0.3283582089552239,0.2462686567164179,0.1044776119402985,0.0895522388059701,0.0522388059701492,-0.0672040499421722,0.0287515535773972,0.1227776756818872,2026-07-30 00:00:00,2026-07-31,defensive_mode,ABOVE_MA200_RISK_ON,13458.099609375,12915.859038085937,False,volume_heavy,10,False,EXCLUDE,61.8,2026-07,0.0,0.5,0.0124186871347501
ARCLK.IS,-0.02466026155884,-0.1371326901815062,-0.1499999866150972,-0.2155723042208104,0.0,0.015715253363987,0.0970588235294117,0.0941176470588235,0.0529411764705882,0.0205882352941176,0.0352941176470588,0.05,0.35,14,volume_heavy,0.2773109243697479,0.2689075630252101,0.1512605042016807,0.0588235294117647,0.1008403361344538,0.1428571428571428,-0.0308705979295856,0.1196572855882683,0.220332170296256,2026-07-30 00:00:00,2026-07-31,defensive_mode,ABOVE_MA200_RISK_ON,13458.099609375,12915.859038085937,False,volume_heavy,10,False,EXCLUDE,61.8,2026-07,0.0,0.5,0.0124186871347501
PGSUS.IS,-0.1507710350373504,-0.1697376221065171,-0.2523881271427706,0.0354464643980367,0.0,0.0198916910720305,0.0441176470588235,0.0470588235294117,0.0176470588235294,0.1441176470588235,0.0352941176470588,0.0441176470588235,0.3323529411764706,15,volume_heavy,0.1327433628318584,0.1415929203539823,0.0530973451327433,0.4336283185840708,0.1061946902654867,0.1327433628318584,-0.0422072775965248,0.0097016135526355,0.1292923735256368,2026-07-30 00:00:00,2026-07-31,defensive_mode,ABOVE_MA200_RISK_ON,13458.099609375,12915.859038085937,False,volume_heavy,10,False,EXCLUDE,61.8,2026-07,0.0,0.5,0.0124186871347501
AKBNK.IS,-0.2000000198166092,-0.1641790905719934,-0.250744843998032,0.0150939226892696,0.0,0.0282262795302659,0.0176470588235294,0.0588235294117647,0.0264705882352941,0.1235294117647058,0.0352941176470588,0.0117647058823529,0.2735294117647059,16,volume_heavy,0.064516129032258,0.2150537634408602,0.096774193548387,0.4516129032258064,0.1290322580645161,0.043010752688172,0.022867227709501,0.0759492964836558,0.1100916007989594,2026-07-30 00:00:00,2026-07-31,defensive_mode,ABOVE_MA200_RISK_ON,13458.099609375,12915.859038085937,False,volume_heavy,10,False,EXCLUDE,61.8,2026-07,0.0,0.5,0.0124186871347501
FROTO.IS,-0.0928445395644775,-0.2177461034064992,-0.2807583314076235,-0.1020340293017442,0.0,0.0194542362354065,0.0617647058823529,0.0235294117647058,0.0088235294117647,0.0823529411764705,0.0352941176470588,0.0470588235294117,0.2588235294117647,17,volume_heavy,0.2386363636363636,0.0909090909090909,0.034090909090909,0.3181818181818182,0.1363636363636364,0.1818181818181818,0.0331766841089676,0.1002252058410154,0.1277430816709704,2026-07-30 00:00:00,2026-07-31,defensive_mode,ABOVE_MA200_RISK_ON,13458.099609375,12915.859038085937,False,volume_heavy,10,False,EXCLUDE,61.8,2026-07,0.0,0.5,0.0124186871347501
TUPRS.IS,0.3556308213378492,0.5994005994005993,0.906926450671112,0.2175559744154218,1.0,0.0280441065632557,0.15,0.2,0.15,0.3088235294117646,0.0852941176470588,0.0088235294117647,0.9029411764705882,1,volume_heavy,0.1661237785016286,0.2214983713355049,0.1661237785016286,0.3420195439739413,0.0944625407166123,0.009771986970684,0.0028744715540109,0.0493707647628267,0.2198951469396226,2026-08-31 00:00:00,2026-09-01,defensive_mode,ABOVE_MA200_RISK_ON,14229.0,13274.40953125,False,volume_heavy,10,True,BUY,69.93,2026-08,0.0,0.5,0.0460211793734519
KCHOL.IS,0.0914169657590902,0.1117433549079818,0.1169091475185648,0.3503062320873051,1.0,0.0193898562661044,0.1058823529411764,0.188235294117647,0.1058823529411764,0.35,0.0852941176470588,0.0264705882352941,0.861764705882353,2,volume_heavy,0.1228668941979522,0.2184300341296928,0.1228668941979522,0.4061433447098975,0.098976109215017,0.030716723549488,0.0371204201966619,0.1079080026692217,0.1786955851417817,2026-08-31 00:00:00,2026-09-01,defensive_mode,ABOVE_MA200_RISK_ON,14229.0,13274.40953125,False,volume_heavy,10,True,BUY,69.93,2026-08,0.0,0.5,0.0460211793734519
SAHOL.IS,0.1029585437661797,-0.0010718767443141,-0.0605425422170652,0.1370140778289439,1.0,0.0173983597342167,0.1147058823529411,0.1176470588235294,0.088235294117647,0.2470588235294117,0.0852941176470588,0.0441176470588235,0.6970588235294117,3,volume_heavy,0.1645569620253164,0.1687763713080169,0.1265822784810126,0.3544303797468355,0.1223628691983122,0.0632911392405063,-0.0794520528549532,-0.0082034594731568,0.0708592718001471,2026-08-31 00:00:00,2026-09-01,defensive_mode,ABOVE_MA200_RISK_ON,14229.0,13274.40953125,False,volume_heavy,10,True,SELL,69.93,2026-08,0.0,0.5,0.0460211793734519
EREGL.IS,-0.0883874484087763,-0.041285585961537,0.2035300585833261,0.2614717676952525,0.5,0.0221297118527634,0.0088235294117647,0.1058823529411764,0.1323529411764706,0.3294117647058823,0.0558823529411764,0.0176470588235294,0.65,4,volume_heavy,0.0135746606334841,0.1628959276018099,0.2036199095022624,0.5067873303167421,0.085972850678733,0.0271493212669683,-0.0639625635257008,-0.0328176483352647,0.0642767368692212,2026-08-31 00:00:00,2026-09-01,defensive_mode,ABOVE_MA200_RISK_ON,14229.0,13274.40953125,False,volume_heavy,10,True,SELL,69.93,2026-08,0.0,0.5,0.0460211793734519
BIMAS.IS,0.0390775144138373,0.0705502059295164,0.2484287324685778,-0.0068666079738533,1.0,0.0192154253348991,0.0794117647058823,0.1647058823529411,0.1411764705882353,0.1441176470588235,0.0852941176470588,0.0294117647058823,0.6441176470588235,5,volume_heavy,0.1232876712328767,0.2557077625570776,0.2191780821917808,0.2237442922374429,0.1324200913242009,0.045662100456621,-0.013846894786177,-0.0036968005684216,0.1354166026669645,2026-08-31 00:00:00,2026-09-01,defensive_mode,ABOVE_MA200_RISK_ON,14229.0,13274.40953125,False,volume_heavy,10,True,SELL,69.93,2026-08,0.0,0.5,0.0460211793734519
AKBNK.IS,0.1332807057550784,0.0894617406958979,-0.177450719221185,0.0929778222344477,0.5,0.0249690059968952,0.1411764705882353,0.1764705882352941,0.0441176470588235,0.2058823529411764,0.0558823529411764,0.0147058823529411,0.638235294117647,6,volume_heavy,0.2211981566820276,0.2764976958525346,0.0691244239631336,0.3225806451612903,0.0875576036866359,0.0230414746543778,-0.1195457326550217,-0.0366893696632627,0.05159344410234,2026-08-31 00:00:00,2026-09-01,defensive_mode,ABOVE_MA200_RISK_ON,14229.0,13274.40953125,False,volume_heavy,10,True,SELL,69.93,2026-08,0.0,0.5,0.0460211793734519
ASELS.IS,0.1285609934258582,-0.0527283874923359,0.1995341614906831,0.0063283932196773,1.0,0.0320692726512478,0.1323529411764706,0.0941176470588235,0.1235294117647058,0.1852941176470588,0.0852941176470588,0.0029411764705882,0.6235294117647059,7,volume_heavy,0.2122641509433962,0.1509433962264151,0.1981132075471698,0.2971698113207547,0.1367924528301886,0.0047169811320754,-0.0079710144927536,0.0768721485171266,0.1760203643556419,2026-08-31 00:00:00,2026-09-01,defensive_mode,ABOVE_MA200_RISK_ON,14229.0,13274.40953125,False,volume_heavy,10,True,BUY,69.93,2026-08,0.0,0.5,0.0460211793734519
GARAN.IS,0.0607778952825426,0.0163042763584615,-0.1493454788989902,0.1130587751053606,0.5,0.0182741667168874,0.0970588235294117,0.1411764705882353,0.0617647058823529,0.2264705882352941,0.0558823529411764,0.0352941176470588,0.6176470588235294,8,volume_heavy,0.1571428571428571,0.2285714285714286,0.0999999999999999,0.3666666666666666,0.0904761904761904,0.0571428571428571,-0.0140234690152443,0.0426715939840771,0.1315798286204247,2026-08-31 00:00:00,2026-09-01,defensive_mode,ABOVE_MA200_RISK_ON,14229.0,13274.40953125,False,volume_heavy,10,True,HOLD,69.93,2026-08,0.0,0.5,0.0460211793734519
YKBNK.IS,0.114774185863099,0.0440251839817174,-0.1565819607103794,-0.0197028962524909,0.5,0.0263650631775558,0.1235294117647058,0.1529411764705882,0.0529411764705882,0.0823529411764705,0.0558823529411764,0.0117647058823529,0.4794117647058823,9,volume_heavy,0.2576687116564417,0.3190184049079754,0.1104294478527607,0.1717791411042944,0.1165644171779141,0.0245398773006134,-0.0223589164237705,0.0499282037200225,0.0792952463988037,2026-08-31 00:00:00,2026-09-01,defensive_mode,ABOVE_MA200_RISK_ON,14229.0,13274.40953125,False,volume_heavy,10,True,BUY,69.93,2026-08,0.0,0.5,0.0460211793734519
TCELL.IS,-0.0490244526872949,-0.1239631055137528,-0.1791882508908536,0.2046729284066479,0.0,0.0212335141335913,0.0352941176470588,0.0705882352941176,0.0352941176470588,0.288235294117647,0.0235294117647058,0.0235294117647058,0.4764705882352941,10,volume_heavy,0.074074074074074,0.1481481481481482,0.074074074074074,0.6049382716049383,0.0493827160493827,0.0493827160493827,0.0154754707676971,0.0568764072015823,0.0633663517413753,2026-08-31 00:00:00,2026-09-01,defensive_mode,ABOVE_MA200_RISK_ON,14229.0,13274.40953125,False,volume_heavy,10,True,BUY,69.93,2026-08,0.0,0.5,0.0460211793734519
THYAO.IS,-0.037420382165605,0.0075,-0.0170731707317073,-0.0137546972685599,0.0,0.0181224072701262,0.0617647058823529,0.1294117647058823,0.0970588235294117,0.1029411764705882,0.0235294117647058,0.038235294117647,0.4529411764705883,11,volume_heavy,0.1363636363636363,0.2857142857142857,0.2142857142857142,0.2272727272727272,0.0519480519480519,0.0844155844155844,-0.063449070500314,-0.0039276636865881,0.0462984252011179,2026-08-31 00:00:00,2026-09-01,defensive_mode,ABOVE_MA200_RISK_ON,14229.0,13274.40953125,False,volume_heavy,10,False,SELL,69.93,2026-08,0.0,0.5,0.0460211793734519
PETKM.IS,0.0491631059335597,-0.1535865476717229,0.1602081205170691,-0.013412812071567,1.0,0.0289374433308094,0.088235294117647,0.0352941176470588,0.1147058823529411,0.1235294117647058,0.0852941176470588,0.0058823529411764,0.4529411764705882,12,volume_heavy,0.1948051948051948,0.0779220779220779,0.2532467532467532,0.2727272727272727,0.1883116883116883,0.0129870129870129,-0.0536528153407184,0.0450981653691069,0.0878744329099898,2026-08-31 00:00:00,2026-09-01,defensive_mode,ABOVE_MA200_RISK_ON,14229.0,13274.40953125,False,volume_heavy,10,False,EXCLUDE,69.93,2026-08,0.0,0.5,0.0460211793734519
TOASO.IS,-0.0045871559633027,-0.1033057851239669,-0.088236509991852,-0.0013396758622225,0.0,0.0219770528289651,0.0705882352941176,0.0823529411764705,0.0794117647058823,0.1647058823529411,0.0235294117647058,0.0205882352941176,0.4411764705882353,13,volume_heavy,0.1599999999999999,0.1866666666666666,0.1799999999999999,0.3733333333333333,0.0533333333333333,0.0466666666666666,-0.048800731403884,-0.009139899030607,0.1084745287914887,2026-08-31 00:00:00,2026-09-01,defensive_mode,ABOVE_MA200_RISK_ON,14229.0,13274.40953125,False,volume_heavy,10,False,SELL,69.93,2026-08,0.0,0.5,0.0460211793734519
SISE.IS,-0.0507906722887295,-0.1588110357656632,-0.1053291780160757,0.1389796619490015,0.0,0.0190728757209446,0.0264705882352941,0.0117647058823529,0.0705882352941176,0.2676470588235293,0.0235294117647058,0.0323529411764705,0.4323529411764705,14,volume_heavy,0.0612244897959183,0.0272108843537415,0.163265306122449,0.6190476190476191,0.054421768707483,0.0748299319727891,-0.0144694981566512,0.0315933930359813,0.1071818460582014,2026-08-31 00:00:00,2026-09-01,defensive_mode,ABOVE_MA200_RISK_ON,14229.0,13274.40953125,False,volume_heavy,10,False,EXCLUDE,69.93,2026-08,0.0,0.5,0.0460211793734519
FROTO.IS,-0.0393258624954483,-0.1344207465976034,-0.3132792426155657,-0.0359995255184695,0.0,0.0155903806242632,0.0441176470588235,0.0588235294117647,0.0088235294117647,0.0617647058823529,0.0235294117647058,0.0470588235294117,0.2441176470588235,15,volume_heavy,0.1807228915662651,0.2409638554216867,0.036144578313253,0.2530120481927711,0.0963855421686747,0.1927710843373494,0.0065880796876733,0.1009728241667354,0.1277431862117305,2026-08-31 00:00:00,2026-09-01,defensive_mode,ABOVE_MA200_RISK_ON,14229.0,13274.40953125,False,volume_heavy,10,False,EXCLUDE,69.93,2026-08,0.0,0.5,0.0460211793734519
PGSUS.IS,-0.0392156862745097,-0.1463414482859515,-0.2519083969465648,-0.0917336393579402,0.0,0.0174094497602808,0.0529411764705882,0.0470588235294117,0.0176470588235294,0.0205882352941176,0.0235294117647058,0.0411764705882352,0.2029411764705882,16,volume_heavy,0.2608695652173913,0.2318840579710145,0.0869565217391304,0.1014492753623188,0.1159420289855072,0.2028985507246376,-0.0355162004498606,-0.0011988764109042,0.0637569974381122,2026-08-31 00:00:00,2026-09-01,defensive_mode,ABOVE_MA200_RISK_ON,14229.0,13274.40953125,False,volume_heavy,10,False,SELL,69.93,2026-08,0.0,0.5,0.0460211793734519
ARCLK.IS,-0.0678663082171835,-0.1583100826879044,-0.2131076047978826,-0.0787218205270853,0.0,0.0125137744039673,0.0176470588235294,0.0235294117647058,0.0264705882352941,0.0411764705882352,0.0235294117647058,0.05,0.1823529411764706,17,volume_heavy,0.096774193548387,0.1290322580645161,0.1451612903225806,0.2258064516129032,0.1290322580645161,0.2741935483870967,-0.0201969255448306,0.0294396733991557,0.0790762723431421,2026-08-31 00:00:00,2026-09-01,defensive_mode,ABOVE_MA200_RISK_ON,14229.0,13274.40953125,False,volume_heavy,10,False,EXCLUDE,69.93,2026-08,0.0,0.5,0.0460211793734519
KCHOL.IS,0.0043774020903055,0.0551865264188744,0.1088043175022459,0.2057032864944392,1.0,0.0200019040925806,0.1147058823529411,0.1764705882352941,0.1147058823529411,0.288235294117647,0.0911764705882353,0.0294117647058823,0.8147058823529412,1,volume_heavy,0.1407942238267147,0.2166064981949458,0.1407942238267147,0.3537906137184115,0.111913357400722,0.0361010830324909,-0.039087920591243,0.0379876477441236,0.1206226545342643,2026-09-16 00:00:00,2026-09-17,defensive_mode,ABOVE_MA200_RISK_ON,13509.7998046875,13489.764018554688,False,volume_heavy,10,True,BUY,51.86,2026-09,0.0,0.5,0.0318707994366424
TUPRS.IS,0.0894915254237287,0.772165881818355,0.5754901960784313,0.0906147567853608,1.0,0.0266079182148352,0.1411764705882353,0.2,0.15,0.2058823529411764,0.0911764705882353,0.0147058823529411,0.8029411764705882,2,volume_heavy,0.1758241758241758,0.2490842490842491,0.1868131868131868,0.2564102564102564,0.1135531135531135,0.0183150183150183,-0.0985715365910573,-0.003584755659184,0.1274261934904716,2026-09-16 00:00:00,2026-09-17,defensive_mode,ABOVE_MA200_RISK_ON,13509.7998046875,13489.764018554688,False,volume_heavy,10,True,SELL,51.86,2026-09,0.0,0.5,0.0318707994366424
PETKM.IS,0.0955613556219225,0.044820698304274,0.0595959773052476,0.1643757802273222,1.0,0.0406349141733305,0.15,0.1647058823529411,0.1058823529411764,0.2676470588235293,0.0911764705882353,0.0029411764705882,0.7823529411764706,3,volume_heavy,0.1917293233082706,0.2105263157894736,0.1353383458646616,0.3421052631578946,0.1165413533834586,0.0037593984962406,-0.0954999923706054,0.0,0.093155845968913,2026-09-16 00:00:00,2026-09-17,defensive_mode,ABOVE_MA200_RISK_ON,13509.7998046875,13489.764018554688,False,volume_heavy,10,True,HOLD,51.86,2026-09,0.0,0.5,0.0318707994366424
BIMAS.IS,0.0679401059595536,0.0665440612239525,0.2150456013908888,0.0056807080181966,1.0,0.0191191082032721,0.1323529411764706,0.188235294117647,0.1323529411764706,0.1029411764705882,0.0911764705882353,0.0323529411764705,0.6794117647058823,4,volume_heavy,0.1948051948051948,0.2770562770562771,0.1948051948051948,0.1515151515151515,0.1341991341991342,0.0476190476190476,-0.0082994402169681,0.0485933057984229,0.1486667759327886,2026-09-16 00:00:00,2026-09-17,defensive_mode,ABOVE_MA200_RISK_ON,13509.7998046875,13489.764018554688,False,volume_heavy,10,True,BUY,51.86,2026-09,0.0,0.5,0.0318707994366424
SISE.IS,-0.0108695180015409,-0.1487750574201126,-0.0885889870129208,0.387106135015776,0.0,0.031520714084673,0.1058823529411764,0.1058823529411764,0.0529411764705882,0.35,0.0352941176470588,0.0058823529411764,0.6558823529411765,5,volume_heavy,0.1614349775784753,0.1614349775784753,0.0807174887892376,0.5336322869955157,0.0538116591928251,0.0089686098654708,-0.0842967976871922,0.000408918900135,0.1015857338863732,2026-09-16 00:00:00,2026-09-17,defensive_mode,ABOVE_MA200_RISK_ON,13509.7998046875,13489.764018554688,False,volume_heavy,10,True,HOLD,51.86,2026-09,0.0,0.5,0.0318707994366424
GARAN.IS,-0.0627906858458999,-0.1425531806675255,-0.0620008227748822,0.1044133754393505,0.0,0.0173661554830595,0.0617647058823529,0.1294117647058823,0.0794117647058823,0.2470588235294117,0.0352941176470588,0.0470588235294117,0.6000000000000001,6,volume_heavy,0.1029411764705882,0.2156862745098039,0.1323529411764705,0.4117647058823529,0.0588235294117647,0.0784313725490195,-0.0371959299442395,0.0331174361060366,0.1272217020935506,2026-09-16 00:00:00,2026-09-17,defensive_mode,ABOVE_MA200_RISK_ON,13509.7998046875,13489.764018554688,False,volume_heavy,10,True,BUY,51.86,2026-09,0.0,0.5,0.0318707994366424
TCELL.IS,-0.0694849506302555,-0.1458519063039557,-0.122364790658432,0.2636171930649325,0.0,0.0205145061613839,0.0529411764705882,0.1176470588235294,0.0352941176470588,0.3294117647058823,0.0352941176470588,0.0264705882352941,0.5970588235294118,7,volume_heavy,0.0886699507389162,0.1970443349753695,0.0591133004926108,0.5517241379310345,0.0591133004926108,0.0443349753694581,-0.0686553948356892,-0.0285467446983213,0.0289374356535263,2026-09-16 00:00:00,2026-09-17,defensive_mode,ABOVE_MA200_RISK_ON,13509.7998046875,13489.764018554688,False,volume_heavy,10,True,SELL,51.86,2026-09,0.0,0.5,0.0318707994366424
AKBNK.IS,-0.0411765154670266,-0.1641026032276642,-0.0744198020732777,0.225460329022473,0.0,0.0223810594655514,0.088235294117647,0.0588235294117647,0.0705882352941176,0.3088235294117646,0.0352941176470588,0.0235294117647058,0.5852941176470587,8,volume_heavy,0.1507537688442211,0.100502512562814,0.1206030150753769,0.5276381909547738,0.0603015075376884,0.0402010050251256,-0.0621387669809665,0.0306241627672483,0.1086638342048738,2026-09-16 00:00:00,2026-09-17,defensive_mode,ABOVE_MA200_RISK_ON,13509.7998046875,13489.764018554688,False,volume_heavy,10,True,HOLD,51.86,2026-09,0.0,0.5,0.0318707994366424
EREGL.IS,-0.0832894033155693,-0.1172589484177429,0.2518786862216586,0.0726392569140585,0.5,0.0267034739778493,0.0176470588235294,0.1411764705882353,0.1411764705882353,0.1852941176470588,0.0735294117647058,0.0117647058823529,0.5705882352941176,9,volume_heavy,0.0309278350515463,0.2474226804123712,0.2474226804123711,0.324742268041237,0.1288659793814433,0.0206185567010309,-0.0702987015861401,0.0417777788571567,0.0831932668372119,2026-09-16 00:00:00,2026-09-17,defensive_mode,ABOVE_MA200_RISK_ON,13509.7998046875,13489.764018554688,False,volume_heavy,10,True,BUY,51.86,2026-09,0.0,0.5,0.0318707994366424
SAHOL.IS,-0.0517435140063752,-0.1553106164932827,-0.0892681064853825,0.1017734892899173,0.0,0.0180337362813238,0.0794117647058823,0.0823529411764705,0.0441176470588235,0.2264705882352941,0.0352941176470588,0.038235294117647,0.5058823529411764,10,volume_heavy,0.1569767441860465,0.1627906976744186,0.0872093023255814,0.4476744186046512,0.0697674418604651,0.0755813953488372,-0.0181378772961786,0.061538473957351,0.1293435773389155,2026-09-16 00:00:00,2026-09-17,defensive_mode,ABOVE_MA200_RISK_ON,13509.7998046875,13489.764018554688,False,volume_heavy,10,True,BUY,51.86,2026-09,0.0,0.5,0.0318707994366424
ASELS.IS,-0.0745501285347043,-0.0886075949367088,0.1232449297971918,-0.1014754690653146,0.5,0.0303591105771636,0.0441176470588235,0.1529411764705882,0.1235294117647058,0.0205882352941176,0.0735294117647058,0.0088235294117647,0.4235294117647059,11,volume_heavy,0.1041666666666666,0.3611111111111111,0.2916666666666666,0.0486111111111111,0.1736111111111111,0.0208333333333333,-0.0397289187784835,0.0245003718359859,0.1036081013918055,2026-09-16 00:00:00,2026-09-17,defensive_mode,ABOVE_MA200_RISK_ON,13509.7998046875,13489.764018554688,False,volume_heavy,10,False,EXCLUDE,51.86,2026-09,0.0,0.5,0.0318707994366424
PGSUS.IS,-0.0396825404834755,-0.1933333502875434,-0.1791972755340619,0.0432479046991434,0.0,0.01768194495492,0.0970588235294117,0.0235294117647058,0.0264705882352941,0.1441176470588235,0.0352941176470588,0.0411764705882352,0.3676470588235294,12,volume_heavy,0.264,0.064,0.072,0.392,0.096,0.112,-0.0392156862745097,-0.0007077205736818,0.1293359288901121,2026-09-16 00:00:00,2026-09-17,defensive_mode,ABOVE_MA200_RISK_ON,13509.7998046875,13489.764018554688,False,volume_heavy,10,False,SELL,51.86,2026-09,0.0,0.5,0.0318707994366424
TOASO.IS,0.0206185567010308,-0.173120728929385,-0.0450871551413537,-0.062282119385654,0.0,0.0234029498955229,0.1235294117647058,0.0352941176470588,0.0970588235294117,0.0411764705882352,0.0352941176470588,0.0205882352941176,0.3529411764705882,13,volume_heavy,0.35,0.1,0.275,0.1166666666666666,0.1,0.0583333333333333,0.0265228294551123,0.0445250258600058,0.1334408714229581,2026-09-16 00:00:00,2026-09-17,defensive_mode,ABOVE_MA200_RISK_ON,13509.7998046875,13489.764018554688,False,volume_heavy,10,False,EXCLUDE,51.86,2026-09,0.0,0.5,0.0318707994366424
THYAO.IS,-0.0930232558139535,-0.1515151515151515,-0.0586206896551724,-0.0162517774614465,0.0,0.0176619745094825,0.0088235294117647,0.0941176470588235,0.088235294117647,0.0617647058823529,0.0352941176470588,0.0441176470588235,0.3323529411764706,14,volume_heavy,0.0265486725663716,0.2831858407079646,0.2654867256637168,0.1858407079646017,0.1061946902654867,0.1327433628318584,0.048975664798488,0.1028940851473592,0.1262727938794875,2026-09-16 00:00:00,2026-09-17,defensive_mode,ABOVE_MA200_RISK_ON,13509.7998046875,13489.764018554688,False,volume_heavy,10,False,EXCLUDE,51.86,2026-09,0.0,0.5,0.0318707994366424
ARCLK.IS,-0.0770456973173475,-0.1616795390608436,-0.231415942706893,0.0099801366801068,0.0,0.014927802410026,0.0352941176470588,0.0705882352941176,0.0176470588235294,0.1235294117647058,0.0352941176470588,0.05,0.3323529411764706,15,volume_heavy,0.1061946902654867,0.2123893805309735,0.0530973451327433,0.3716814159292035,0.1061946902654867,0.1504424778761062,-0.0228841788350969,0.1658137063821738,0.2218661637682828,2026-09-16 00:00:00,2026-09-17,defensive_mode,ABOVE_MA200_RISK_ON,13509.7998046875,13489.764018554688,False,volume_heavy,10,False,EXCLUDE,51.86,2026-09,0.0,0.5,0.0318707994366424
YKBNK.IS,-0.0801832584158213,-0.2146699820643947,-0.0817610248078556,0.062087038248501,0.0,0.0246165692883249,0.0264705882352941,0.0117647058823529,0.0617647058823529,0.1647058823529411,0.0352941176470588,0.0176470588235294,0.3176470588235294,16,volume_heavy,0.0833333333333333,0.037037037037037,0.1944444444444444,0.5185185185185185,0.1111111111111111,0.0555555555555555,-0.0532446188809735,-0.0190620607116771,0.0428598924856524,2026-09-16 00:00:00,2026-09-17,defensive_mode,ABOVE_MA200_RISK_ON,13509.7998046875,13489.764018554688,False,volume_heavy,10,False,SELL,51.86,2026-09,0.0,0.5,0.0318707994366424
FROTO.IS,-0.0550632718243176,-0.1663875043897771,-0.293087096547894,0.0036869731660258,0.0,0.0190864561409881,0.0705882352941176,0.0470588235294117,0.0088235294117647,0.0823529411764705,0.0352941176470588,0.0352941176470588,0.2794117647058823,17,volume_heavy,0.2526315789473684,0.1684210526315789,0.031578947368421,0.2947368421052631,0.1263157894736842,0.1263157894736842,-0.0147634366859054,0.0283622708857007,0.0870966821148413,2026-09-16 00:00:00,2026-09-17,defensive_mode,ABOVE_MA200_RISK_ON,13509.7998046875,13489.764018554688,False,volume_heavy,10,False,EXCLUDE,51.86,2026-09,0.0,0.5,0.0318707994366424
