date,model,portfolio_size,holdings,gross_return,transaction_cost,net_return,equity,period
2018-06-30,trend_following,3,3,0.044857734088363466,0.002,0.042857734088363464,1.0428577340883636,train
2018-07-31,trend_following,3,3,0.08169292619360109,0.002,0.07969292619360109,1.1259661185214935,train
2018-08-31,trend_following,3,3,0.065186260060025,0.002,0.06318626006002499,1.1971117065051695,train
2018-09-30,trend_following,3,3,-0.10854872114662324,0.002,-0.11054872114662324,1.064772538281371,train
2018-10-31,trend_following,3,3,0.015412889906694241,0.002,0.013412889906694241,1.0790542151130105,train
2018-11-30,trend_following,3,3,-0.004494801739857242,0.002,-0.006494801739857242,1.072045971919294,train
2018-12-31,trend_following,3,3,0.1314781608342733,0.002,0.1294781608342733,1.2108525126931953,train
2019-01-31,trend_following,3,3,0.03898982650764815,0.002,0.03698982650764815,1.2556417370640665,train
2019-02-28,trend_following,3,3,-0.12364550122524838,0.002,-0.12564550122524837,1.0978760016513103,train
2019-03-31,trend_following,3,3,0.0395562745548795,0.002,0.0375562745548795,1.1391081341965401,train
2019-04-30,trend_following,3,3,0.016410348399155412,0.002,0.014410348399155412,1.155523079274624,train
2019-05-31,trend_following,3,3,0.1025310736332576,0.002,0.1005310736332576,1.2716890550421098,train
2019-06-30,trend_following,3,3,0.053655209864058216,0.002,0.051655209864058214,1.3373784200621357,train
2019-07-31,trend_following,3,3,0.07684722098896528,0.002,0.07484722098896528,1.4374774782143995,train
2019-08-31,trend_following,3,3,-0.027772947571399847,0.002,-0.029772947571399845,1.3946795366204543,train
2019-09-30,trend_following,3,3,-0.10660598910468959,0.002,-0.10860598910468959,1.2432089860617197,train
2019-10-31,trend_following,3,3,0.05801326428484251,0.002,0.05601326428484251,1.312845179559286,train
2019-11-30,trend_following,3,3,0.08450716458596985,0.002,0.08250716458596985,1.421164312865081,train
2019-12-31,trend_following,3,3,-0.06755430830816182,0.002,-0.06955430830816182,1.3223162120915064,train
2020-01-31,trend_following,3,3,-0.050277530406931836,0.002,-0.05227753040693184,1.2531887861063138,train
2020-02-29,trend_following,3,3,-0.2472841161500335,0.002,-0.2492841161500335,0.9407887271926679,train
2020-03-31,trend_following,3,3,0.11064059701768676,0.002,0.10864059701768676,1.042996576182389,train
2020-04-30,trend_following,3,3,0.08814101168137485,0.002,0.08614101168137485,1.13284135643495,train
2020-05-31,trend_following,3,3,0.10212578350403219,0.002,0.10012578350403219,1.2462679848337699,train
2020-06-30,trend_following,3,3,-0.019831316725021142,0.002,-0.021831316725021144,1.21906031373261,train
2020-07-31,trend_following,3,3,-0.05343262214287958,0.002,-0.055432622142879584,1.1514846039920899,train
2020-08-31,trend_following,3,3,0.1165115844972211,0.002,0.1145115844972211,1.2833429305193793,train
2020-09-30,trend_following,3,3,0.0404945531968021,0.002,0.038494553196802096,1.3327446432279975,train
2020-10-31,trend_following,3,3,0.0463993615983429,0.002,0.0443993615983429,1.3919176545609317,train
2020-11-30,trend_following,3,3,0.18944912730664032,0.002,0.18744912730664032,1.652831404191084,train
2020-12-31,trend_following,3,3,-0.03252484285384405,0.002,-0.03452484285384405,1.5957676596974886,train
2021-01-31,trend_following,3,3,0.008727757412164324,0.002,0.006727757412164324,1.6065035973981103,train
2021-02-28,trend_following,3,3,0.013581583826753044,0.002,0.011581583826753044,1.6251094534793569,train
2021-03-31,trend_following,3,3,0.10804333710085427,0.002,0.10604333710085427,1.7974414830804533,train
2021-04-30,trend_following,3,3,-0.04995619441227739,0.002,-0.05195619441227739,1.704053263940833,train
2021-05-31,trend_following,3,3,-0.07054994680992917,0.002,-0.07254994680992917,1.5804242902806394,train
2021-06-30,trend_following,3,3,-0.01377572524415808,0.002,-0.01577572524415808,1.5554919509079785,train
2021-07-31,trend_following,3,3,0.07308234515033145,0.002,0.07108234515033145,1.666059966640982,train
2021-08-31,trend_following,3,3,0.03098434816470937,0.002,0.02898434816470937,1.7143496287773885,train
2021-09-30,trend_following,3,3,0.11688814192629564,0.002,0.11488814192629564,1.9113080722396574,train
2021-10-31,trend_following,3,3,0.23740864283508234,0.002,0.23540864283508234,2.3612465115653327,train
2021-11-30,trend_following,3,3,-0.031234005113683943,0.002,-0.03323400511368394,2.282772832925302,train
2021-12-31,trend_following,3,3,0.02105219133800429,0.002,0.019052191338004287,2.3262646577193933,train
2022-01-31,trend_following,3,3,-0.05156193648147811,0.002,-0.05356193648147811,2.2016654178835195,validation
2022-02-28,trend_following,3,3,0.14594563145959846,0.002,0.14394563145959846,2.5185855367235233,validation
2022-03-31,trend_following,3,3,0.10559102411350689,0.002,0.10359102411350689,2.7794883917901796,validation
2022-04-30,trend_following,3,3,0.14966676937624146,0.002,0.14766676937624146,3.1899264631246003,validation
2022-05-31,trend_following,3,3,-0.035353575956549234,0.002,-0.037353575956549236,3.070771302688469,validation
2022-06-30,trend_following,3,3,0.024559388314413733,0.002,0.02255938831441373,3.140046024930576,validation
2022-07-31,trend_following,3,3,0.2579638825168875,0.002,0.2559638825168875,3.943784396753526,validation
2022-08-31,trend_following,3,3,-0.06171863182499485,0.002,-0.06371863182499485,3.692491850779629,validation
2022-09-30,trend_following,3,3,0.360593432018907,0.002,0.358593432018907,5.016595176252542,validation
2022-10-31,trend_following,3,3,0.23906514344399712,0.002,0.23706514344399712,6.205855031311315,validation
2022-11-30,trend_following,3,3,0.2197681021192135,0.002,0.2177681021192135,7.557292303506952,validation
2022-12-31,trend_following,3,3,-0.026709303009783098,0.002,-0.028709303009783096,7.340327708832069,validation
2023-01-31,trend_following,3,3,0.038309300596140426,0.002,0.036309300596140424,7.6068498740862305,validation
2023-02-28,trend_following,3,3,-0.028430996366440937,0.002,-0.030430996366440935,7.3753658532078505,validation
2023-03-31,trend_following,3,3,-0.0007952813880166554,0.002,-0.0027952813880166554,7.354749630308565,validation
2023-04-30,trend_following,3,3,-0.0006790755321050742,0.002,-0.0026790755321050744,7.335045700529246,validation
2023-05-31,trend_following,3,3,0.28393334349590943,0.002,0.2819333434959094,9.403039659574752,validation
2023-06-30,trend_following,3,3,0.25308888240988003,0.002,0.25108888240988003,11.764038378953154,validation
2023-07-31,trend_following,3,3,0.030109791869995444,0.002,0.028109791869995446,12.094723049336167,validation
2023-08-31,trend_following,3,3,0.13023264405669824,0.002,0.12823264405669824,13.645661365086037,validation
2023-09-30,trend_following,3,3,-0.11482122975535931,0.002,-0.11682122975535932,12.05155842359149,validation
2023-10-31,trend_following,3,3,0.13117651083201295,0.002,0.12917651083201295,13.608336690839193,validation
2023-11-30,trend_following,3,3,-0.0024226724924170107,0.002,-0.004422672492417011,13.54815147448907,validation
2023-12-31,trend_following,3,3,0.09622071510362147,0.002,0.09422071510362147,14.824667994747612,validation
2024-01-31,trend_following,3,3,0.030243149378266,0.002,0.028243149378265997,15.243363307406469,out_of_sample
2024-02-29,trend_following,3,3,-0.032483609798794055,0.002,-0.03448360979879406,14.71771711509261,out_of_sample
2024-03-31,trend_following,3,3,0.14366410586123904,0.002,0.14166410586123904,16.80268935052086,out_of_sample
2024-04-30,trend_following,3,3,0.057220077577664195,0.002,0.055220077577664194,17.730535159970014,out_of_sample
2024-05-31,trend_following,3,3,0.0057733805190561815,0.002,0.0037733805190561815,17.797439215935086,out_of_sample
2024-06-30,trend_following,3,3,0.10092185475265003,0.002,0.09892185475265003,19.557994913022934,out_of_sample
2024-07-31,trend_following,3,3,-0.09941258681572855,0.002,-0.10141258681572855,17.57456805596442,out_of_sample
2024-08-31,trend_following,3,3,0.023667694114635207,0.002,0.021667694114635205,17.955368420797896,out_of_sample
2024-09-30,trend_following,3,3,-0.10121645768929007,0.002,-0.10321645768929007,16.102078895896994,out_of_sample
2024-10-31,trend_following,3,3,0.028634488484883185,0.002,0.026634488484883187,16.530949530832444,out_of_sample
2024-11-30,trend_following,3,3,0.007583950923557496,0.002,0.005583950923557496,16.62325754173242,out_of_sample
2024-12-31,trend_following,3,3,0.08804312493235959,0.002,0.08604312493235959,18.053574567178494,out_of_sample
2025-01-31,trend_following,3,3,-0.014168774710855425,0.002,-0.016168774710855427,17.761670387276155,out_of_sample
2025-02-28,trend_following,3,3,0.051728299219016484,0.002,0.04972829921901648,18.644928046924168,out_of_sample
2025-03-31,trend_following,3,3,-0.053046443954289736,0.002,-0.05504644395428974,17.618591060157392,out_of_sample
2025-04-30,trend_following,3,3,-0.037740698408509764,0.002,-0.039740698408509766,16.91841594645281,out_of_sample
2025-05-31,trend_following,3,3,0.12215266362578829,0.002,0.12015266362578829,18.951208686748128,out_of_sample
2025-06-30,trend_following,3,3,0.036447834298385794,0.002,0.03444783429838579,19.604036783343357,out_of_sample
2025-07-31,trend_following,3,3,0.0029519730983174806,0.002,0.0009519730983174805,19.622699298979526,out_of_sample
2025-08-31,trend_following,3,3,0.016333471433186753,0.002,0.014333471433186753,19.903960698823465,out_of_sample
2025-09-30,trend_following,3,3,0.008593545618821604,0.002,0.006593545618821604,20.035198371686388,out_of_sample
2025-10-31,trend_following,3,3,-0.06874134348453968,0.002,-0.07074134348453968,18.61788152189403,out_of_sample
2025-11-30,trend_following,3,3,0.001930528623480754,0.002,-6.94713765192461e-05,18.616588112036833,out_of_sample
2025-12-31,trend_following,3,3,0.275326540254691,0.002,0.273326540254691,23.70499573204647,out_of_sample
2026-01-31,trend_following,3,3,-0.025242718695494437,0.002,-0.02724271869549444,23.059207201640433,out_of_sample
2026-02-28,trend_following,3,3,-0.12860109111342613,0.002,-0.13060109111342613,20.04764958089562,out_of_sample
2026-03-31,trend_following,3,3,0.08710608444051841,0.002,0.08510608444051841,21.753826538961246,out_of_sample
2026-04-30,trend_following,3,3,-0.01829716587105819,0.002,-0.02029716587105819,21.31228551336972,out_of_sample
2026-05-31,trend_following,3,3,0.02403050847106906,0.002,0.022030508471069063,21.781805999909853,out_of_sample
2026-06-30,trend_following,3,3,-0.03372673121558974,0.002,-0.035726731215589745,21.00361327156095,out_of_sample
2026-07-31,trend_following,3,3,0.10210696037481266,0.002,0.10010696037481266,23.10622115306499,out_of_sample
2026-08-31,trend_following,3,3,-0.011686970663348265,0.002,-0.013686970663348265,22.789966982002152,out_of_sample
2026-09-30,trend_following,3,3,-0.014294833367109757,0.002,-0.016294833367109757,22.418608267588493,out_of_sample
