policy_id,policy_name,date,symbol,rank,score,relative_strength_1m,relative_strength_3m,relative_strength_6m,relative_strength_20d,trend_score,volume_increase,volatility,avg_traded_value,forward_return
OLD_TOP3,Old absolute-score Top3,2026-09-01,TKFEN.IS,1,0.8948453608247423,0.24567307148548423,0.4050669667827371,1.9714317634110394,0.23379020966231412,1.0,0.32891742802708634,0.03839435973591211,1853228020.317199,0.17592158848050454
OLD_TOP3,Old absolute-score Top3,2026-09-01,TUPRS.IS,2,0.865979381443299,0.32536852961603735,0.6740849231123016,0.7989319117261648,0.348065736231874,1.0,0.23459665817127417,0.027072458761038615,11774217175.134226,-0.021886884660592187
OLD_TOP3,Old absolute-score Top3,2026-09-01,KCHOL.IS,3,0.8654639175257732,0.030475650797761267,0.1195347507143274,0.07372449264674796,0.039905685573492056,1.0,0.3729595433123736,0.019102263707076544,6864129206.894979,-0.02235679142983371
RS_TOP10,BIST100 relative-strength survival Top10,2026-09-01,TUPRS.IS,1,0.845,0.32536852961603735,0.6740849231123016,0.7989319117261648,0.348065736231874,1.0,0.23459665817127417,0.027072458761038615,11774217175.134226,-0.021886884660592187
RS_TOP10,BIST100 relative-strength survival Top10,2026-09-01,TKFEN.IS,2,0.8066666666666666,0.24567307148548423,0.4050669667827371,1.9714317634110394,0.23379020966231412,1.0,0.32891742802708634,0.03839435973591211,1853228020.317199,0.17592158848050454
RS_TOP10,BIST100 relative-strength survival Top10,2026-09-01,KTLEV.IS,3,0.7883333333333334,0.3042482499751471,0.26341134272811884,2.5614901989768675,0.32246295108815093,1.0,0.1312386280179234,0.04314672645176745,6195978270.1191025,-0.8238726759943156
RS_TOP10,BIST100 relative-strength survival Top10,2026-09-01,PASEU.IS,4,0.7733333333333333,0.22358115653489574,0.991331922423764,0.6875047398572627,0.18013172046409953,1.0,0.10724390534293526,0.058763461257445096,2683978366.165576,-0.8566559190956676
RS_TOP10,BIST100 relative-strength survival Top10,2026-09-01,BRSAN.IS,5,0.7616666666666666,0.26791310422508685,0.22041048440552724,0.14552365198849526,0.2401067738761451,1.0,0.3084251333095991,0.03417783120912913,2148916268.404762,-0.05162659123055158
RS_TOP10,BIST100 relative-strength survival Top10,2026-09-01,AHGAZ.IS,6,0.7000000000000001,0.13594574202581255,0.19699461877650504,0.5275349351444347,0.15596469358377174,1.0,-0.07736797832861975,0.02700815134013718,166692858.04733604,0.1584415188083399
RS_TOP10,BIST100 relative-strength survival Top10,2026-09-01,KCHOL.IS,7,0.6649999999999999,0.030475650797761267,0.1195347507143274,0.07372449264674796,0.039905685573492056,1.0,0.3729595433123736,0.019102263707076544,6864129206.894979,-0.02235679142983371
RS_TOP10,BIST100 relative-strength survival Top10,2026-09-01,KRDMD.IS,8,0.6033333333333333,0.04289413407131559,0.0779846754866873,0.3033949477853033,0.023178262747187706,1.0,0.041805736924567016,0.028113878411332505,2753611296.962425,-0.03153156481453956
RS_TOP10,BIST100 relative-strength survival Top10,2026-09-01,ENERY.IS,9,0.5916666666666667,0.09288691870542665,0.13900165594210434,-0.013534729191771788,0.12494013077059885,1.0,-0.3458562674121616,0.03223085648269717,338800134.0417477,0.33038344458908475
RS_TOP10,BIST100 relative-strength survival Top10,2026-09-01,AYDEM.IS,10,0.5733333333333334,0.08045871288704265,-0.010417762757123139,-0.009905276068041147,0.10097179371426734,1.0,0.5245406696044943,0.026839889699949854,121817439.76369277,-0.08973379359180156
RS_TOP3,BIST100 relative-strength survival Top3,2026-09-01,TUPRS.IS,1,0.845,0.32536852961603735,0.6740849231123016,0.7989319117261648,0.348065736231874,1.0,0.23459665817127417,0.027072458761038615,11774217175.134226,-0.021886884660592187
RS_TOP3,BIST100 relative-strength survival Top3,2026-09-01,TKFEN.IS,2,0.8066666666666666,0.24567307148548423,0.4050669667827371,1.9714317634110394,0.23379020966231412,1.0,0.32891742802708634,0.03839435973591211,1853228020.317199,0.17592158848050454
RS_TOP3,BIST100 relative-strength survival Top3,2026-09-01,KTLEV.IS,3,0.7883333333333334,0.3042482499751471,0.26341134272811884,2.5614901989768675,0.32246295108815093,1.0,0.1312386280179234,0.04314672645176745,6195978270.1191025,-0.8238726759943156
RS_TOP5,BIST100 relative-strength survival Top5,2026-09-01,TUPRS.IS,1,0.845,0.32536852961603735,0.6740849231123016,0.7989319117261648,0.348065736231874,1.0,0.23459665817127417,0.027072458761038615,11774217175.134226,-0.021886884660592187
RS_TOP5,BIST100 relative-strength survival Top5,2026-09-01,TKFEN.IS,2,0.8066666666666666,0.24567307148548423,0.4050669667827371,1.9714317634110394,0.23379020966231412,1.0,0.32891742802708634,0.03839435973591211,1853228020.317199,0.17592158848050454
RS_TOP5,BIST100 relative-strength survival Top5,2026-09-01,KTLEV.IS,3,0.7883333333333334,0.3042482499751471,0.26341134272811884,2.5614901989768675,0.32246295108815093,1.0,0.1312386280179234,0.04314672645176745,6195978270.1191025,-0.8238726759943156
RS_TOP5,BIST100 relative-strength survival Top5,2026-09-01,PASEU.IS,4,0.7733333333333333,0.22358115653489574,0.991331922423764,0.6875047398572627,0.18013172046409953,1.0,0.10724390534293526,0.058763461257445096,2683978366.165576,-0.8566559190956676
RS_TOP5,BIST100 relative-strength survival Top5,2026-09-01,BRSAN.IS,5,0.7616666666666666,0.26791310422508685,0.22041048440552724,0.14552365198849526,0.2401067738761451,1.0,0.3084251333095991,0.03417783120912913,2148916268.404762,-0.05162659123055158
RS_TOP5_NO_CASH,Survival Top5 without MA200 cash filter,2026-10-01,ENERY.IS,1,0.8175000000000001,0.4167936612260186,0.5654041398203186,0.6562595255192938,0.4094039888210752,1.0,0.4923638844961524,0.029808962486501847,1039015245.121034,0.0
RS_TOP5_NO_CASH,Survival Top5 without MA200 cash filter,2026-10-01,TKFEN.IS,2,0.7975000000000001,0.33223561845686933,0.9440253904562098,1.5345143014637983,0.32946567920614167,1.0,-0.014697849374378902,0.0420622573882921,1556213432.495955,0.0
RS_TOP5_NO_CASH,Survival Top5 without MA200 cash filter,2026-10-01,AHGAZ.IS,3,0.7625000000000002,0.28067697629954624,0.3997953488044351,1.1203614846968792,0.2691332627897236,1.0,0.33030504471459166,0.025375998160873183,315628022.12099254,0.0
RS_TOP5_NO_CASH,Survival Top5 without MA200 cash filter,2026-10-01,TUPRS.IS,4,0.6625,0.1325181415328629,0.7375989860374469,0.6003104289203833,0.12833914040012528,1.0,-0.0649510937422706,0.027431714864648626,10680733861.27384,0.0
RS_TOP5_NO_CASH,Survival Top5 without MA200 cash filter,2026-10-01,BIMAS.IS,5,0.5375,0.13860560893240148,0.30020208212978117,0.2600678694191456,0.11530440485703009,1.0,-0.08607383531908097,0.019413516349468387,3889047020.9075565,0.0
