policy_id,policy_name,start_date,end_date,risk_on,cash_mode,holdings,selected_symbols,gross_return,transaction_cost_impact,net_return,benchmark_return,excess_return,turnover,trades,equity,benchmark_equity
BENCHMARK,BIST100 benchmark,2023-10-09,2023-11-01,True,False,0,,-0.08113846762996457,0.0,-0.08113846762996457,-0.08113846762996457,0.0,0.0,0,0.9188615323700354,0.9188615323700354
BENCHMARK,BIST100 benchmark,2023-11-01,2023-12-01,True,False,0,,0.06610789603210843,0.0,0.06610789603210843,0.06610789603210843,0.0,0.0,0,0.9796055350198576,0.9796055350198576
BENCHMARK,BIST100 benchmark,2023-12-01,2024-01-02,True,False,0,,-0.050085367393092994,0.0,-0.050085367393092994,-0.050085367393092994,0.0,0.0,0,0.9305416318980806,0.9305416318980806
BENCHMARK,BIST100 benchmark,2024-01-02,2024-02-01,True,False,0,,0.13401884647733775,0.0,0.13401884647733775,0.13401884647733775,0.0,0.0,0,1.0552517480042007,1.0552517480042007
BENCHMARK,BIST100 benchmark,2024-02-01,2024-03-01,True,False,0,,0.052173933668934636,0.0,0.052173933668934636,0.052173933668934636,0.0,0.0,0,1.1103083827085993,1.1103083827085993
BENCHMARK,BIST100 benchmark,2024-03-01,2024-04-01,True,False,0,,0.0066283190438629624,0.0,0.0066283190438629624,0.0066283190438629624,0.0,0.0,0,1.1176678609062674,1.1176678609062674
BENCHMARK,BIST100 benchmark,2024-04-01,2024-05-02,True,False,0,,0.11479125498681375,0.0,0.11479125498681375,0.11479125498681375,0.0,0.0,0,1.2459663573181254,1.2459663573181254
BENCHMARK,BIST100 benchmark,2024-05-02,2024-06-03,True,False,0,,0.03409831624425297,0.0,0.03409831624425297,0.03409831624425297,0.0,0.0,0,1.2884517121996588,1.2884517121996588
BENCHMARK,BIST100 benchmark,2024-06-03,2024-07-01,True,False,0,,-0.02022394600015953,0.0,-0.02022394600015953,-0.02022394600015953,0.0,0.0,0,1.2623941343483198,1.2623941343483198
BENCHMARK,BIST100 benchmark,2024-07-01,2024-08-01,True,False,0,,0.04397042416062047,0.0,0.04397042416062047,0.04397042416062047,0.0,0.0,0,1.3179021398934947,1.3179021398934947
BENCHMARK,BIST100 benchmark,2024-08-01,2024-09-02,True,False,0,,-0.06370557813260957,0.0,-0.06370557813260957,-0.06370557813260957,0.0,0.0,0,1.2339444221493763,1.2339444221493763
BENCHMARK,BIST100 benchmark,2024-09-02,2024-10-01,True,False,0,,-0.07507270986854753,0.0,-0.07507270986854753,-0.07507270986854753,0.0,0.0,0,1.1413088705514436,1.1413088705514436
BENCHMARK,BIST100 benchmark,2024-10-01,2024-11-01,False,False,0,,-0.049854536196143995,0.0,-0.049854536196143995,-0.049854536196143995,0.0,0.0,0,1.0844094461535565,1.0844094461535565
BENCHMARK,BIST100 benchmark,2024-11-01,2024-12-02,False,False,0,,0.08960032938412388,0.0,0.08960032938412388,0.08960032938412388,0.0,0.0,0,1.1815728897161706,1.1815728897161706
BENCHMARK,BIST100 benchmark,2024-12-02,2025-01-02,False,False,0,,0.028943067222292118,0.0,0.028943067222292118,0.028943067222292118,0.0,0.0,0,1.2157712332912636,1.2157712332912636
BENCHMARK,BIST100 benchmark,2025-01-02,2025-02-03,True,False,0,,-0.018762554144150623,0.0,-0.018762554144150623,-0.018762554144150623,0.0,0.0,0,1.1929602596997355,1.1929602596997355
BENCHMARK,BIST100 benchmark,2025-02-03,2025-03-03,False,False,0,,0.01398540683607341,0.0,0.01398540683607341,0.01398540683607341,0.0,0.0,0,1.209644294270904,1.209644294270904
BENCHMARK,BIST100 benchmark,2025-03-03,2025-04-02,False,False,0,,-0.03912783951619636,0.0,-0.03912783951619636,-0.03912783951619636,0.0,0.0,0,1.1623135264529896,1.1623135264529896
BENCHMARK,BIST100 benchmark,2025-04-02,2025-05-02,False,False,0,,-0.03735051360224828,0.0,-0.03735051360224828,-0.03735051360224828,0.0,0.0,0,1.11890051927313,1.11890051927313
BENCHMARK,BIST100 benchmark,2025-05-02,2025-06-02,False,False,0,,-0.017310865898019223,0.0,-0.017310865898019223,-0.017310865898019223,0.0,0.0,0,1.0995313824307689,1.0995313824307689
BENCHMARK,BIST100 benchmark,2025-06-02,2025-07-01,False,False,0,,0.11893791534260201,0.0,0.11893791534260201,0.11893791534260201,0.0,0.0,0,1.230307352910854,1.230307352910854
BENCHMARK,BIST100 benchmark,2025-07-01,2025-08-01,True,False,0,,0.06612834864407313,0.0,0.06612834864407313,0.06612834864407313,0.0,0.0,0,1.3116655464835096,1.3116655464835096
BENCHMARK,BIST100 benchmark,2025-08-01,2025-09-01,True,False,0,,0.04960076766013599,0.0,0.04960076766013599,0.04960076766013599,0.0,0.0,0,1.3767251645024434,1.3767251645024434
BENCHMARK,BIST100 benchmark,2025-09-01,2025-10-01,True,False,0,,-0.005301401124778393,0.0,-0.005301401124778393,-0.005301401124778393,0.0,0.0,0,1.3694265921668394,1.3694265921668394
BENCHMARK,BIST100 benchmark,2025-10-01,2025-11-03,True,False,0,,-0.014242152716157475,0.0,-0.014242152716157475,-0.014242152716157475,0.0,0.0,0,1.3499230095076322,1.3499230095076322
BENCHMARK,BIST100 benchmark,2025-11-03,2025-12-01,True,False,0,,0.005072113792783828,0.0,0.005072113792783828,0.005072113792783828,0.0,0.0,0,1.3567699726233522,1.3567699726233522
BENCHMARK,BIST100 benchmark,2025-12-01,2026-01-02,True,False,0,,0.03435437328520674,0.0,0.03435437328520674,0.03435437328520674,0.0,0.0,0,1.4033809547250147,1.4033809547250147
BENCHMARK,BIST100 benchmark,2026-01-02,2026-02-02,True,False,0,,0.18459955622223956,0.0,0.18459955622223956,0.18459955622223956,0.0,0.0,0,1.6624444561779952,1.6624444561779952
BENCHMARK,BIST100 benchmark,2026-02-02,2026-03-02,True,False,0,,-0.020160018308127192,0.0,-0.020160018308127192,-0.020160018308127192,0.0,0.0,0,1.6289295455052022,1.6289295455052022
BENCHMARK,BIST100 benchmark,2026-03-02,2026-04-01,True,False,0,,-0.03060750374962118,0.0,-0.03060750374962118,-0.03060750374962118,0.0,0.0,0,1.579072078333283,1.579072078333283
BENCHMARK,BIST100 benchmark,2026-04-01,2026-05-04,True,False,0,,0.11065931685387143,0.0,0.11065931685387143,0.11065931685387143,0.0,0.0,0,1.753811115784667,1.753811115784667
BENCHMARK,BIST100 benchmark,2026-05-04,2026-06-01,True,False,0,,-0.04631998298273743,0.0,-0.04631998298273743,-0.04631998298273743,0.0,0.0,0,1.6725746147465854,1.6725746147465854
BENCHMARK,BIST100 benchmark,2026-06-01,2026-07-01,True,False,0,,0.047183275640324096,0.0,0.047183275640324096,0.047183275640324096,0.0,0.0,0,1.7514921638231824,1.7514921638231824
BENCHMARK,BIST100 benchmark,2026-07-01,2026-08-03,True,False,0,,-0.0655094306136762,0.0,-0.0655094306136762,-0.0655094306136762,0.0,0.0,0,1.63675290944681,1.63675290944681
BENCHMARK,BIST100 benchmark,2026-08-03,2026-09-01,True,False,0,,0.061034264195965804,0.0,0.061034264195965804,0.061034264195965804,0.0,0.0,0,1.7366509189455024,1.7366509189455024
BENCHMARK,BIST100 benchmark,2026-09-01,2026-10-01,True,False,0,,-0.13915243516761544,0.0,-0.13915243516761544,-0.13915243516761544,0.0,0.0,0,1.4949917145381586,1.4949917145381586
BENCHMARK,BIST100 benchmark,2026-10-01,2026-10-08,False,False,0,,-0.0028900637296922493,0.0,-0.0028900637296922493,-0.0028900637296922493,0.0,0.0,0,1.4906710932077814,1.4906710932077814
OLD_TOP3,Old absolute-score Top3,2023-10-09,2023-11-01,True,False,3,"BTCIM.IS, BSOKE.IS, ULKER.IS",0.05378127724136861,0.002,0.051781277241368606,-0.08113846762996457,0.13291974487133318,1.0,3,1.0517812772413686,0.9188615323700354
OLD_TOP3,Old absolute-score Top3,2023-11-01,2023-12-01,True,False,3,"BSOKE.IS, KONYA.IS, BRSAN.IS",0.19740285880698374,0.0026666666666666666,0.19473619214031707,0.06610789603210843,0.12862829610820864,1.3333333333333333,4,1.2566011581358318,0.9796055350198576
OLD_TOP3,Old absolute-score Top3,2023-12-01,2024-01-02,True,False,3,"EGEEN.IS, BFREN.IS, KONYA.IS",-0.15013738687724607,0.0026666666666666666,-0.15280405354391274,-0.050085367393092994,-0.10271868615081975,1.3333333333333333,4,1.0645874074847013,0.9305416318980806
OLD_TOP3,Old absolute-score Top3,2024-01-02,2024-02-01,True,False,3,"AEFES.IS, CCOLA.IS, AKBNK.IS",0.08331786388161337,0.004,0.07931786388161337,0.13401884647733775,-0.05470098259572438,2.0,6,1.1490282065616526,1.0552517480042007
OLD_TOP3,Old absolute-score Top3,2024-02-01,2024-03-01,True,False,3,"KCAER.IS, EKGYO.IS, SDTTR.IS",0.1614548162153162,0.004,0.1574548162153162,0.052173933668934636,0.10528088254638157,2.0,6,1.329948231652032,1.1103083827085993
OLD_TOP3,Old absolute-score Top3,2024-03-01,2024-04-01,True,False,3,"MIATK.IS, KCAER.IS, BERA.IS",-0.1363070763612683,0.0026666666666666666,-0.13897374302793497,0.0066283190438629624,-0.14560206207179793,1.3333333333333333,4,1.145120347865966,1.1176678609062674
OLD_TOP3,Old absolute-score Top3,2024-04-01,2024-05-02,True,False,3,"GOLTS.IS, BSOKE.IS, MPARK.IS",0.08821428047333461,0.004,0.08421428047333461,0.11479125498681375,-0.03057697451347914,2.0,6,1.2415558340168729,1.2459663573181254
OLD_TOP3,Old absolute-score Top3,2024-05-02,2024-06-03,True,False,3,"GOLTS.IS, KARSN.IS, TAVHL.IS",-0.06210345670382663,0.0026666666666666666,-0.0647701233704933,0.03409831624425297,-0.09886843961474627,1.3333333333333333,4,1.1611401094762444,1.2884517121996588
OLD_TOP3,Old absolute-score Top3,2024-06-03,2024-07-01,True,False,3,"ANHYT.IS, TURSG.IS, ULKER.IS",0.10737512263439886,0.004,0.10337512263439885,-0.02022394600015953,0.12359906863455838,2.0,6,1.2811731106890705,1.2623941343483198
OLD_TOP3,Old absolute-score Top3,2024-07-01,2024-08-01,True,False,3,"ANHYT.IS, ULKER.IS, AEFES.IS",0.03706413371821619,0.0013333333333333333,0.035730800384882855,0.04397042416062047,-0.008239623775737615,0.6666666666666666,2,1.326950451365581,1.3179021398934947
OLD_TOP3,Old absolute-score Top3,2024-08-01,2024-09-02,True,False,3,"BSOKE.IS, AEFES.IS, GARAN.IS",0.07621634973052542,0.0026666666666666666,0.07354968306385876,-0.06370557813260957,0.13725526119646833,1.3333333333333333,4,1.4245472365049636,1.2339444221493763
OLD_TOP3,Old absolute-score Top3,2024-09-02,2024-10-01,True,False,3,"BTCIM.IS, BSOKE.IS, CIMSA.IS",-0.201221419802968,0.0026666666666666666,-0.2038880864696347,-0.07507270986854753,-0.12881537660108716,1.3333333333333333,4,1.1340990263683606,1.1413088705514436
OLD_TOP3,Old absolute-score Top3,2024-10-01,2024-11-01,False,True,0,,0.0,0.002,-0.002,-0.049854536196143995,0.04785453619614399,1.0,3,1.1318308283156238,1.0844094461535565
OLD_TOP3,Old absolute-score Top3,2024-11-01,2024-12-02,False,True,0,,0.0,0.0,0.0,0.08960032938412388,-0.08960032938412388,0.0,0,1.1318308283156238,1.1815728897161706
OLD_TOP3,Old absolute-score Top3,2024-12-02,2025-01-02,False,True,0,,0.0,0.0,0.0,0.028943067222292118,-0.028943067222292118,0.0,0,1.1318308283156238,1.2157712332912636
OLD_TOP3,Old absolute-score Top3,2025-01-02,2025-02-03,True,False,3,"LMKDC.IS, OYAKC.IS, TURSG.IS",-0.007791230220749383,0.002,-0.009791230220749382,-0.018762554144150623,0.00897132392340124,1.0,3,1.120748812104644,1.1929602596997355
OLD_TOP3,Old absolute-score Top3,2025-02-03,2025-03-03,False,True,0,,0.0,0.002,-0.002,0.01398540683607341,-0.015985406836073413,1.0,3,1.1185073144804347,1.209644294270904
OLD_TOP3,Old absolute-score Top3,2025-03-03,2025-04-02,False,True,0,,0.0,0.0,0.0,-0.03912783951619636,0.03912783951619636,0.0,0,1.1185073144804347,1.1623135264529896
OLD_TOP3,Old absolute-score Top3,2025-04-02,2025-05-02,False,True,0,,0.0,0.0,0.0,-0.03735051360224828,0.03735051360224828,0.0,0,1.1185073144804347,1.11890051927313
OLD_TOP3,Old absolute-score Top3,2025-05-02,2025-06-02,False,True,0,,0.0,0.0,0.0,-0.017310865898019223,0.017310865898019223,0.0,0,1.1185073144804347,1.0995313824307689
OLD_TOP3,Old absolute-score Top3,2025-06-02,2025-07-01,False,True,0,,0.0,0.0,0.0,0.11893791534260201,-0.11893791534260201,0.0,0,1.1185073144804347,1.230307352910854
OLD_TOP3,Old absolute-score Top3,2025-07-01,2025-08-01,True,False,3,"A1CAP.IS, AKFGY.IS, EKGYO.IS",0.1019151553662611,0.002,0.0999151553662611,0.06612834864407313,0.033786806722187965,1.0,3,1.2302631465850469,1.3116655464835096
OLD_TOP3,Old absolute-score Top3,2025-08-01,2025-09-01,True,False,3,"HEKTS.IS, OTKAR.IS, KLSER.IS",0.0006111442296654612,0.004,-0.003388855770334539,0.04960076766013599,-0.052989623430470534,2.0,6,1.2260939622217122,1.3767251645024434
OLD_TOP3,Old absolute-score Top3,2025-09-01,2025-10-01,True,False,3,"CANTE.IS, SKBNK.IS, BRSAN.IS",-0.1305020117682113,0.004,-0.1345020117682113,-0.005301401124778393,-0.1292006106434329,2.0,6,1.0611818576860346,1.3694265921668394
OLD_TOP3,Old absolute-score Top3,2025-10-01,2025-11-03,True,False,3,"QUAGR.IS, CWENE.IS, KONTR.IS",-0.026163649669691535,0.004,-0.030163649669691536,-0.014242152716157475,-0.01592149695353406,2.0,6,1.0291727398949606,1.3499230095076322
OLD_TOP3,Old absolute-score Top3,2025-11-03,2025-12-01,True,False,3,"TURSG.IS, AKSEN.IS, PASEU.IS",-0.049466514940641505,0.004,-0.0534665149406415,0.005072113792783828,-0.05853862873342533,2.0,6,0.9741464602208658,1.3567699726233522
OLD_TOP3,Old absolute-score Top3,2025-12-01,2026-01-02,True,False,3,"ALARK.IS, TURSG.IS, VAKBN.IS",0.04504843600232663,0.0026666666666666666,0.042381769335659965,0.03435437328520674,0.008027396050453224,1.3333333333333333,4,1.0154325107970963,1.4033809547250147
OLD_TOP3,Old absolute-score Top3,2026-01-02,2026-02-02,True,False,3,"ASTOR.IS, AYDEM.IS, ALARK.IS",0.13277730672807456,0.0026666666666666666,0.13011064006140788,0.18459955622223956,-0.05448891616083168,1.3333333333333333,4,1.1475510847160688,1.6624444561779952
OLD_TOP3,Old absolute-score Top3,2026-02-02,2026-03-02,True,False,3,"BSOKE.IS, ASELS.IS, KTLEV.IS",0.061092613620541934,0.004,0.05709261362054194,-0.020160018308127192,0.07725263192866913,2.0,6,1.213067775405597,1.6289295455052022
OLD_TOP3,Old absolute-score Top3,2026-03-02,2026-04-01,True,False,3,"SDTTR.IS, AKCNS.IS, A1CAP.IS",-0.13617856282324015,0.004,-0.14017856282324015,-0.03060750374962118,-0.10957105907361897,2.0,6,1.0430216780420554,1.579072078333283
OLD_TOP3,Old absolute-score Top3,2026-04-01,2026-05-04,True,False,3,"TUPRS.IS, YEOTK.IS, KTLEV.IS",0.2144756227470971,0.004,0.2104756227470971,0.11065931685387143,0.09981630589322568,2.0,6,1.2625523152666793,1.753811115784667
OLD_TOP3,Old absolute-score Top3,2026-05-04,2026-06-01,True,False,3,"EUPWR.IS, ASTOR.IS, TKFEN.IS",0.1842987686010611,0.004,0.1802987686010611,-0.04631998298273743,0.22661875158379852,2.0,6,1.4901889430036803,1.6725746147465854
OLD_TOP3,Old absolute-score Top3,2026-06-01,2026-07-01,True,False,3,"EUPWR.IS, YEOTK.IS, GESAN.IS",0.012438679814115025,0.0026666666666666666,0.009772013147448359,0.047183275640324096,-0.03741126249287574,1.3333333333333333,4,1.5047510889468945,1.7514921638231824
OLD_TOP3,Old absolute-score Top3,2026-07-01,2026-08-03,True,False,3,"EUPWR.IS, ISGYO.IS, ODAS.IS",-0.00030810085327966547,0.0026666666666666666,-0.002974767519946332,-0.0655094306136762,0.06253466309372988,1.3333333333333333,4,1.5002748042818914,1.63675290944681
OLD_TOP3,Old absolute-score Top3,2026-08-03,2026-09-01,True,False,3,"AKSEN.IS, TUPRS.IS, AKFYE.IS",0.07161459535950206,0.004,0.06761459535950205,0.061034264195965804,0.006580331163536249,2.0,6,1.6017152781014676,1.7366509189455024
OLD_TOP3,Old absolute-score Top3,2026-09-01,2026-10-01,True,False,3,"TKFEN.IS, TUPRS.IS, KCHOL.IS",0.04389263746335951,0.0026666666666666666,0.041225970796692844,-0.13915243516761544,0.1803784059643083,1.3333333333333333,4,1.6677475453810955,1.4949917145381586
OLD_TOP3,Old absolute-score Top3,2026-10-01,2026-10-08,False,True,0,,0.0,0.002,-0.002,-0.0028900637296922493,0.0008900637296922493,1.0,3,1.6644120502903332,1.4906710932077814
RS_TOP3,BIST100 relative-strength survival Top3,2023-10-09,2023-11-01,True,False,3,"BTCIM.IS, TURSG.IS, ANSGR.IS",-0.004135777535793861,0.002,-0.006135777535793861,-0.08113846762996457,0.07500269009417071,1.0,3,0.9938642224642061,0.9188615323700354
RS_TOP3,BIST100 relative-strength survival Top3,2023-11-01,2023-12-01,True,False,3,"BSOKE.IS, BTCIM.IS, KONYA.IS",0.4568464353923292,0.0026666666666666666,0.45417976872566257,0.06610789603210843,0.38807187269355414,1.3333333333333333,4,1.4452572451677097,0.9796055350198576
RS_TOP3,BIST100 relative-strength survival Top3,2023-12-01,2024-01-02,True,False,3,"BTCIM.IS, BSOKE.IS, EGEEN.IS",-0.20826082622172737,0.0013333333333333333,-0.2095941595550607,-0.050085367393092994,-0.1595087921619677,0.6666666666666666,2,1.1423397675259213,0.9305416318980806
RS_TOP3,BIST100 relative-strength survival Top3,2024-01-02,2024-02-01,True,False,3,"CCOLA.IS, AEFES.IS, AKBNK.IS",0.08331786388161337,0.004,0.07931786388161337,0.13401884647733775,-0.05470098259572438,2.0,6,1.2329477177130963,1.0552517480042007
RS_TOP3,BIST100 relative-strength survival Top3,2024-02-01,2024-03-01,True,False,3,"KCAER.IS, TTKOM.IS, BIMAS.IS",0.10470824809850254,0.004,0.10070824809850254,0.052173933668934636,0.048534314429567904,2.0,6,1.3571157223610295,1.1103083827085993
RS_TOP3,BIST100 relative-strength survival Top3,2024-03-01,2024-04-01,True,False,3,"MIATK.IS, KCAER.IS, BERA.IS",-0.1363070763612683,0.0026666666666666666,-0.13897374302793497,0.0066283190438629624,-0.14560206207179793,1.3333333333333333,4,1.1685122707024576,1.1176678609062674
RS_TOP3,BIST100 relative-strength survival Top3,2024-04-01,2024-05-02,True,False,3,"BSOKE.IS, KCHOL.IS, GOLTS.IS",0.09058476148882551,0.004,0.0865847614888255,0.11479125498681375,-0.028206493497988247,2.0,6,1.2696876269579958,1.2459663573181254
RS_TOP3,BIST100 relative-strength survival Top3,2024-05-02,2024-06-03,True,False,3,"TAVHL.IS, KARSN.IS, AKBNK.IS",0.043471835010944315,0.004,0.03947183501094431,0.03409831624425297,0.005373518766691343,2.0,6,1.319804527484719,1.2884517121996588
RS_TOP3,BIST100 relative-strength survival Top3,2024-06-03,2024-07-01,True,False,3,"ANHYT.IS, GARAN.IS, TURSG.IS",0.06448930398859543,0.004,0.06048930398859542,-0.02022394600015953,0.08071324998875495,2.0,6,1.3996385847532666,1.2623941343483198
RS_TOP3,BIST100 relative-strength survival Top3,2024-07-01,2024-08-01,True,False,3,"ANHYT.IS, MAVI.IS, BSOKE.IS",0.10070309667327648,0.0026666666666666666,0.09803643000660982,0.04397042416062047,0.05406600584598935,1.3333333333333333,4,1.5368541549019807,1.3179021398934947
RS_TOP3,BIST100 relative-strength survival Top3,2024-08-01,2024-09-02,True,False,3,"BSOKE.IS, GARAN.IS, AGHOL.IS",0.05977349374323356,0.0026666666666666666,0.0571068270765669,-0.06370557813260957,0.12081240520917647,1.3333333333333333,4,1.6246190193678716,1.2339444221493763
RS_TOP3,BIST100 relative-strength survival Top3,2024-09-02,2024-10-01,True,False,3,"BSOKE.IS, BTCIM.IS, KARSN.IS",-0.20813481627803168,0.0026666666666666666,-0.21080148294469836,-0.07507270986854753,-0.13572877307615083,1.3333333333333333,4,1.2821469208649625,1.1413088705514436
RS_TOP3,BIST100 relative-strength survival Top3,2024-10-01,2024-11-01,False,True,0,,0.0,0.002,-0.002,-0.049854536196143995,0.04785453619614399,1.0,3,1.2795826270232327,1.0844094461535565
RS_TOP3,BIST100 relative-strength survival Top3,2024-11-01,2024-12-02,False,True,0,,0.0,0.0,0.0,0.08960032938412388,-0.08960032938412388,0.0,0,1.2795826270232327,1.1815728897161706
RS_TOP3,BIST100 relative-strength survival Top3,2024-12-02,2025-01-02,False,True,0,,0.0,0.0,0.0,0.028943067222292118,-0.028943067222292118,0.0,0,1.2795826270232327,1.2157712332912636
RS_TOP3,BIST100 relative-strength survival Top3,2025-01-02,2025-02-03,True,False,3,"LMKDC.IS, OYAKC.IS, CIMSA.IS",0.016578112705005237,0.002,0.014578112705005237,-0.018762554144150623,0.03334066684915586,1.0,3,1.2982365267753442,1.1929602596997355
RS_TOP3,BIST100 relative-strength survival Top3,2025-02-03,2025-03-03,False,True,0,,0.0,0.002,-0.002,0.01398540683607341,-0.015985406836073413,1.0,3,1.2956400537217936,1.209644294270904
RS_TOP3,BIST100 relative-strength survival Top3,2025-03-03,2025-04-02,False,True,0,,0.0,0.0,0.0,-0.03912783951619636,0.03912783951619636,0.0,0,1.2956400537217936,1.1623135264529896
RS_TOP3,BIST100 relative-strength survival Top3,2025-04-02,2025-05-02,False,True,0,,0.0,0.0,0.0,-0.03735051360224828,0.03735051360224828,0.0,0,1.2956400537217936,1.11890051927313
RS_TOP3,BIST100 relative-strength survival Top3,2025-05-02,2025-06-02,False,True,0,,0.0,0.0,0.0,-0.017310865898019223,0.017310865898019223,0.0,0,1.2956400537217936,1.0995313824307689
RS_TOP3,BIST100 relative-strength survival Top3,2025-06-02,2025-07-01,False,True,0,,0.0,0.0,0.0,0.11893791534260201,-0.11893791534260201,0.0,0,1.2956400537217936,1.230307352910854
RS_TOP3,BIST100 relative-strength survival Top3,2025-07-01,2025-08-01,True,False,3,"A1CAP.IS, SKBNK.IS, ENERY.IS",0.048223186335550415,0.002,0.04622318633555041,0.06612834864407313,-0.01990516230852272,1.0,3,1.3555286653487786,1.3116655464835096
RS_TOP3,BIST100 relative-strength survival Top3,2025-08-01,2025-09-01,True,False,3,"OTKAR.IS, HEKTS.IS, AKSEN.IS",-0.001795647122268799,0.004,-0.005795647122268799,0.04960076766013599,-0.05539641478240479,2.0,6,1.347672499540297,1.3767251645024434
RS_TOP3,BIST100 relative-strength survival Top3,2025-09-01,2025-10-01,True,False,3,"SKBNK.IS, CANTE.IS, ENERY.IS",-0.13549255149456216,0.004,-0.13949255149456216,-0.005301401124778393,-0.13419115036978377,2.0,6,1.1596822240003668,1.3694265921668394
RS_TOP3,BIST100 relative-strength survival Top3,2025-10-01,2025-11-03,True,False,3,"QUAGR.IS, CWENE.IS, ECILC.IS",-0.008868584131410414,0.004,-0.012868584131410414,-0.014242152716157475,0.0013735685847470602,2.0,6,1.1447587557351169,1.3499230095076322
RS_TOP3,BIST100 relative-strength survival Top3,2025-11-03,2025-12-01,True,False,3,"PASEU.IS, TURSG.IS, AKSEN.IS",-0.049466514940641505,0.004,-0.0534665149406415,0.005072113792783828,-0.05853862873342533,2.0,6,1.0835524946181752,1.3567699726233522
RS_TOP3,BIST100 relative-strength survival Top3,2025-12-01,2026-01-02,True,False,3,"HALKB.IS, KTLEV.IS, ALARK.IS",0.1236250132626121,0.004,0.1196250132626121,0.03435437328520674,0.08527063997740536,2.0,6,1.2131724761576106,1.4033809547250147
RS_TOP3,BIST100 relative-strength survival Top3,2026-01-02,2026-02-02,True,False,3,"AYDEM.IS, KTLEV.IS, ASTOR.IS",0.3869503774716785,0.0026666666666666666,0.38428371080501184,0.18459955622223956,0.19968415458277228,1.3333333333333333,4,1.679374897141962,1.6624444561779952
RS_TOP3,BIST100 relative-strength survival Top3,2026-02-02,2026-03-02,True,False,3,"KTLEV.IS, BSOKE.IS, ASELS.IS",0.061092613620541934,0.0026666666666666666,0.05842594695387527,-0.020160018308127192,0.07858596526200246,1.3333333333333333,4,1.777493965798048,1.6289295455052022
RS_TOP3,BIST100 relative-strength survival Top3,2026-03-02,2026-04-01,True,False,3,"ASELS.IS, ASTOR.IS, SDTTR.IS",-0.06332480200062902,0.0026666666666666666,-0.06599146866729569,-0.03060750374962118,-0.03538396491767451,1.3333333333333333,4,1.660194528447779,1.579072078333283
RS_TOP3,BIST100 relative-strength survival Top3,2026-04-01,2026-05-04,True,False,3,"KTLEV.IS, YEOTK.IS, TUPRS.IS",0.2144756227470971,0.004,0.2104756227470971,0.11065931685387143,0.09981630589322568,2.0,6,2.0096250057041485,1.753811115784667
RS_TOP3,BIST100 relative-strength survival Top3,2026-05-04,2026-06-01,True,False,3,"ASTOR.IS, TKFEN.IS, KTLEV.IS",0.1107311049879159,0.0026666666666666666,0.10806443832124923,-0.04631998298273743,0.15438442130398666,1.3333333333333333,4,2.2267940031819045,1.6725746147465854
RS_TOP3,BIST100 relative-strength survival Top3,2026-06-01,2026-07-01,True,False,3,"YEOTK.IS, EUPWR.IS, GESAN.IS",0.012438679814115025,0.004,0.008438679814115025,0.047183275640324096,-0.03874459582620907,2.0,6,2.2455852047867477,1.7514921638231824
RS_TOP3,BIST100 relative-strength survival Top3,2026-07-01,2026-08-03,True,False,3,"KTLEV.IS, SKBNK.IS, ENERY.IS",-0.3500202997230886,0.004,-0.3540202997230886,-0.0655094306136762,-0.2885108691094124,2.0,6,1.45060245753441,1.63675290944681
RS_TOP3,BIST100 relative-strength survival Top3,2026-08-03,2026-09-01,True,False,3,"EUPWR.IS, TKFEN.IS, TUPRS.IS",0.2393607943228441,0.004,0.2353607943228441,0.061034264195965804,0.1743265301268783,2.0,6,1.7920174041863788,1.7366509189455024
RS_TOP3,BIST100 relative-strength survival Top3,2026-09-01,2026-10-01,True,False,3,"TUPRS.IS, TKFEN.IS, KTLEV.IS",-0.22327932405813442,0.0013333333333333333,-0.22461265739146774,-0.13915243516761544,-0.0854602222238523,0.6666666666666666,2,1.3895076129403163,1.4949917145381586
RS_TOP3,BIST100 relative-strength survival Top3,2026-10-01,2026-10-08,False,True,0,,0.0,0.002,-0.002,-0.0028900637296922493,0.0008900637296922493,1.0,3,1.3867285977144357,1.4906710932077814
RS_TOP5,BIST100 relative-strength survival Top5,2023-10-09,2023-11-01,True,False,5,"BTCIM.IS, TURSG.IS, ANSGR.IS, BSOKE.IS, SKBNK.IS",0.04129273212658522,0.002,0.03929273212658522,-0.08113846762996457,0.12043119975654978,1.0,5,1.0392927321265852,0.9188615323700354
RS_TOP5,BIST100 relative-strength survival Top5,2023-11-01,2023-12-01,True,False,5,"BSOKE.IS, BTCIM.IS, KONYA.IS, ANSGR.IS, SKBNK.IS",0.305192656394634,0.0008,0.304392656394634,0.06610789603210843,0.23828476036252555,0.4,2,1.3556458076302333,0.9796055350198576
RS_TOP5,BIST100 relative-strength survival Top5,2023-12-01,2024-01-02,True,False,5,"BTCIM.IS, BSOKE.IS, EGEEN.IS, KONYA.IS, BFREN.IS",-0.1864900845737402,0.0016,-0.18809008457374018,-0.050085367393092994,-0.1380047171806472,0.8,4,1.1006622730210265,0.9305416318980806
RS_TOP5,BIST100 relative-strength survival Top5,2024-01-02,2024-02-01,True,False,5,"CCOLA.IS, AEFES.IS, AKBNK.IS, GARAN.IS, MAVI.IS",0.11576563394719712,0.004,0.11176563394719712,0.13401884647733775,-0.022253212530140634,2.0,10,1.2236784897269843,1.0552517480042007
RS_TOP5,BIST100 relative-strength survival Top5,2024-02-01,2024-03-01,True,False,5,"KCAER.IS, TTKOM.IS, BIMAS.IS, EKGYO.IS, MAVI.IS",0.08155259003147416,0.0032,0.07835259003147417,0.052173933668934636,0.026178656362539535,1.6,8,1.3195568687628962,1.1103083827085993
RS_TOP5,BIST100 relative-strength survival Top5,2024-03-01,2024-04-01,True,False,5,"MIATK.IS, KCAER.IS, BERA.IS, BRYAT.IS, TAVHL.IS",-0.10963175714970037,0.0032,-0.11283175714970037,0.0066283190438629624,-0.11946007619356333,1.6,8,1.1706689486014221,1.1176678609062674
RS_TOP5,BIST100 relative-strength survival Top5,2024-04-01,2024-05-02,True,False,5,"BSOKE.IS, KCHOL.IS, GOLTS.IS, FROTO.IS, MPARK.IS",0.09179598816497798,0.004,0.08779598816497798,0.11479125498681375,-0.02699526682183577,2.0,10,1.2734489857579396,1.2459663573181254
RS_TOP5,BIST100 relative-strength survival Top5,2024-05-02,2024-06-03,True,False,5,"TAVHL.IS, KARSN.IS, AKBNK.IS, KCHOL.IS, KCAER.IS",0.0017592306649508505,0.0032,-0.0014407693350491496,0.03409831624425297,-0.03553908557930212,1.6,8,1.2716142395095102,1.2884517121996588
RS_TOP5,BIST100 relative-strength survival Top5,2024-06-03,2024-07-01,True,False,5,"ANHYT.IS, GARAN.IS, TURSG.IS, ANSGR.IS, TCELL.IS",0.0030131593937660515,0.004,-0.0009868406062339486,-0.02022394600015953,0.019237105393925584,2.0,10,1.2703593589424969,1.2623941343483198
RS_TOP5,BIST100 relative-strength survival Top5,2024-07-01,2024-08-01,True,False,5,"ANHYT.IS, MAVI.IS, BSOKE.IS, MPARK.IS, AEFES.IS",0.09754861611613377,0.0032,0.09434861611613378,0.04397042416062047,0.05037819195551331,1.6,8,1.3902160064289002,1.3179021398934947
RS_TOP5,BIST100 relative-strength survival Top5,2024-08-01,2024-09-02,True,False,5,"BSOKE.IS, GARAN.IS, AGHOL.IS, ENKAI.IS, BIMAS.IS",0.03274390185473843,0.0032,0.02954390185473843,-0.06370557813260957,0.093249479987348,1.6,8,1.431288411679722,1.2339444221493763
RS_TOP5,BIST100 relative-strength survival Top5,2024-09-02,2024-10-01,True,False,5,"BSOKE.IS, BTCIM.IS, KARSN.IS, ENKAI.IS, EKGYO.IS",-0.15960076506362525,0.0024000000000000002,-0.16200076506362526,-0.07507270986854753,-0.08692805519507774,1.2000000000000002,6,1.1994185939609059,1.1413088705514436
RS_TOP5,BIST100 relative-strength survival Top5,2024-10-01,2024-11-01,False,True,0,,0.0,0.002,-0.002,-0.049854536196143995,0.04785453619614399,1.0,5,1.1970197567729841,1.0844094461535565
RS_TOP5,BIST100 relative-strength survival Top5,2024-11-01,2024-12-02,False,True,0,,0.0,0.0,0.0,0.08960032938412388,-0.08960032938412388,0.0,0,1.1970197567729841,1.1815728897161706
RS_TOP5,BIST100 relative-strength survival Top5,2024-12-02,2025-01-02,False,True,0,,0.0,0.0,0.0,0.028943067222292118,-0.028943067222292118,0.0,0,1.1970197567729841,1.2157712332912636
RS_TOP5,BIST100 relative-strength survival Top5,2025-01-02,2025-02-03,True,False,5,"LMKDC.IS, OYAKC.IS, CIMSA.IS, AKSA.IS, ASTOR.IS",-0.003121659048384129,0.002,-0.005121659048384129,-0.018762554144150623,0.013640895095766494,1.0,5,1.190889029704613,1.1929602596997355
RS_TOP5,BIST100 relative-strength survival Top5,2025-02-03,2025-03-03,False,True,0,,0.0,0.002,-0.002,0.01398540683607341,-0.015985406836073413,1.0,5,1.1885072516452038,1.209644294270904
RS_TOP5,BIST100 relative-strength survival Top5,2025-03-03,2025-04-02,False,True,0,,0.0,0.0,0.0,-0.03912783951619636,0.03912783951619636,0.0,0,1.1885072516452038,1.1623135264529896
RS_TOP5,BIST100 relative-strength survival Top5,2025-04-02,2025-05-02,False,True,0,,0.0,0.0,0.0,-0.03735051360224828,0.03735051360224828,0.0,0,1.1885072516452038,1.11890051927313
RS_TOP5,BIST100 relative-strength survival Top5,2025-05-02,2025-06-02,False,True,0,,0.0,0.0,0.0,-0.017310865898019223,0.017310865898019223,0.0,0,1.1885072516452038,1.0995313824307689
RS_TOP5,BIST100 relative-strength survival Top5,2025-06-02,2025-07-01,False,True,0,,0.0,0.0,0.0,0.11893791534260201,-0.11893791534260201,0.0,0,1.1885072516452038,1.230307352910854
RS_TOP5,BIST100 relative-strength survival Top5,2025-07-01,2025-08-01,True,False,5,"A1CAP.IS, SKBNK.IS, ENERY.IS, EKGYO.IS, AKFGY.IS",0.076197229783213,0.002,0.074197229783213,0.06612834864407313,0.008068881139139866,1.0,5,1.2766911972945378,1.3116655464835096
RS_TOP5,BIST100 relative-strength survival Top5,2025-08-01,2025-09-01,True,False,5,"OTKAR.IS, HEKTS.IS, AKSEN.IS, ENERY.IS, ASELS.IS",0.05190617515643701,0.0032,0.04870617515643701,0.04960076766013599,-0.0008945925036989849,1.6,8,1.3388739423706468,1.3767251645024434
RS_TOP5,BIST100 relative-strength survival Top5,2025-09-01,2025-10-01,True,False,5,"SKBNK.IS, CANTE.IS, ENERY.IS, BRSAN.IS, BRYAT.IS",-0.13503974503534338,0.0032,-0.1382397450353434,-0.005301401124778393,-0.132938343910565,1.6,8,1.1537883499428636,1.3694265921668394
RS_TOP5,BIST100 relative-strength survival Top5,2025-10-01,2025-11-03,True,False,5,"QUAGR.IS, CWENE.IS, ECILC.IS, ASELS.IS, TUPRS.IS",-0.012015236215200153,0.004,-0.01601523621520015,-0.014242152716157475,-0.001773083499042677,2.0,10,1.1353101569761825,1.3499230095076322
RS_TOP5,BIST100 relative-strength survival Top5,2025-11-03,2025-12-01,True,False,5,"PASEU.IS, TURSG.IS, AKSEN.IS, SOKM.IS, CWENE.IS",-0.019842935477754044,0.0032,-0.023042935477754045,0.005072113792783828,-0.028115049270537873,1.6,8,1.1091492782817416,1.3567699726233522
RS_TOP5,BIST100 relative-strength survival Top5,2025-12-01,2026-01-02,True,False,5,"HALKB.IS, KTLEV.IS, ALARK.IS, OYAKC.IS, VAKBN.IS",0.07893699135896601,0.004,0.074936991358966,0.03435437328520674,0.04058261807375926,2.0,10,1.1922655881641437,1.4033809547250147
RS_TOP5,BIST100 relative-strength survival Top5,2026-01-02,2026-02-02,True,False,5,"AYDEM.IS, KTLEV.IS, ASTOR.IS, BRSAN.IS, ALARK.IS",0.2561556089367722,0.0024000000000000002,0.2537556089367722,0.18459955622223956,0.06915605271453262,1.2000000000000002,6,1.4948096685030947,1.6624444561779952
RS_TOP5,BIST100 relative-strength survival Top5,2026-02-02,2026-03-02,True,False,5,"KTLEV.IS, BSOKE.IS, ASELS.IS, ASTOR.IS, GUBRF.IS",0.090554336870354,0.0024000000000000002,0.088154336870354,-0.020160018308127192,0.10831435517848119,1.2000000000000002,6,1.6265836235773785,1.6289295455052022
RS_TOP5,BIST100 relative-strength survival Top5,2026-03-02,2026-04-01,True,False,5,"ASELS.IS, ASTOR.IS, SDTTR.IS, A1CAP.IS, GUBRF.IS",-0.08132663451578785,0.0016,-0.08292663451578786,-0.03060750374962118,-0.05231913076616668,0.8,4,1.4916965179156114,1.579072078333283
RS_TOP5,BIST100 relative-strength survival Top5,2026-04-01,2026-05-04,True,False,5,"KTLEV.IS, YEOTK.IS, TUPRS.IS, AYDEM.IS, BSOKE.IS",0.14500099838442318,0.004,0.14100099838442318,0.11065931685387143,0.03034168153055175,2.0,10,1.7020272162282801,1.753811115784667
RS_TOP5,BIST100 relative-strength survival Top5,2026-05-04,2026-06-01,True,False,5,"ASTOR.IS, TKFEN.IS, KTLEV.IS, EUPWR.IS, ASELS.IS",0.11339060714222964,0.0032,0.11019060714222964,-0.04631998298273743,0.15651059012496707,1.6,8,1.8895746285570731,1.6725746147465854
RS_TOP5,BIST100 relative-strength survival Top5,2026-06-01,2026-07-01,True,False,5,"YEOTK.IS, EUPWR.IS, GESAN.IS, ASTOR.IS, SMRTG.IS",-0.03972063861375976,0.0024000000000000002,-0.04212063861375976,0.047183275640324096,-0.08930391425408385,1.2000000000000002,6,1.8099845384938913,1.7514921638231824
RS_TOP5,BIST100 relative-strength survival Top5,2026-07-01,2026-08-03,True,False,5,"KTLEV.IS, SKBNK.IS, ENERY.IS, AHGAZ.IS, ISGYO.IS",-0.23855118195535585,0.004,-0.24255118195535585,-0.0655094306136762,-0.17704175134167965,2.0,10,1.3709706493612788,1.63675290944681
RS_TOP5,BIST100 relative-strength survival Top5,2026-08-03,2026-09-01,True,False,5,"EUPWR.IS, TKFEN.IS, TUPRS.IS, AEFES.IS, PASEU.IS",0.16430768502317009,0.004,0.16030768502317008,0.061034264195965804,0.09927342082720428,2.0,10,1.5907477803950978,1.7366509189455024
RS_TOP5,BIST100 relative-strength survival Top5,2026-09-01,2026-10-01,True,False,5,"TUPRS.IS, TKFEN.IS, KTLEV.IS, PASEU.IS, BRSAN.IS",-0.31562409650012446,0.0016,-0.31722409650012445,-0.13915243516761544,-0.178071661332509,0.8,4,1.0861242529996844,1.4949917145381586
RS_TOP5,BIST100 relative-strength survival Top5,2026-10-01,2026-10-08,False,True,0,,0.0,0.002,-0.002,-0.0028900637296922493,0.0008900637296922493,1.0,5,1.083952004493685,1.4906710932077814
RS_TOP10,BIST100 relative-strength survival Top10,2023-10-09,2023-11-01,True,False,10,"BTCIM.IS, TURSG.IS, ANSGR.IS, BSOKE.IS, SKBNK.IS, ULKER.IS, BFREN.IS, GOLTS.IS, BIMAS.IS, ZOREN.IS",-0.0342126424778494,0.002,-0.0362126424778494,-0.08113846762996457,0.04492582515211517,1.0,10,0.9637873575221506,0.9188615323700354
RS_TOP10,BIST100 relative-strength survival Top10,2023-11-01,2023-12-01,True,False,10,"BSOKE.IS, BTCIM.IS, KONYA.IS, ANSGR.IS, SKBNK.IS, BFREN.IS, OTKAR.IS, MPARK.IS, VAKBN.IS, TUPRS.IS",0.17620983140498542,0.002,0.17420983140498542,0.06610789603210843,0.10810193537287699,1.0,10,1.1316885905863407,0.9796055350198576
RS_TOP10,BIST100 relative-strength survival Top10,2023-12-01,2024-01-02,True,False,10,"BTCIM.IS, BSOKE.IS, EGEEN.IS, KONYA.IS, BFREN.IS, ANSGR.IS, AKBNK.IS, YKBNK.IS, GARAN.IS, ASELS.IS",-0.08878916602078349,0.002,-0.09078916602078349,-0.050085367393092994,-0.040703798627690496,1.0,10,1.028943527251771,0.9305416318980806
RS_TOP10,BIST100 relative-strength survival Top10,2024-01-02,2024-02-01,True,False,10,"CCOLA.IS, AEFES.IS, AKBNK.IS, GARAN.IS, MAVI.IS, TCELL.IS, BRYAT.IS, YKBNK.IS, TURSG.IS, ANSGR.IS",0.12766515146033672,0.0024000000000000002,0.1252651514603367,0.13401884647733775,-0.008753695017001045,1.2000000000000002,12,1.1578342940370971,1.0552517480042007
RS_TOP10,BIST100 relative-strength survival Top10,2024-02-01,2024-03-01,True,False,10,"KCAER.IS, TTKOM.IS, BIMAS.IS, EKGYO.IS, MAVI.IS, KCHOL.IS, SAHOL.IS, AYDEM.IS, TCELL.IS, SDTTR.IS",0.05903644983780322,0.0032,0.05583644983780322,0.052173933668934636,0.0036625161688685834,1.6,16,1.222483650516588,1.1103083827085993
RS_TOP10,BIST100 relative-strength survival Top10,2024-03-01,2024-04-01,True,False,10,"MIATK.IS, KCAER.IS, BERA.IS, BRYAT.IS, TAVHL.IS, AKFYE.IS, BFREN.IS, AYDEM.IS, CCOLA.IS, VESTL.IS",-0.0950119270771406,0.0032,-0.09821192707714059,0.0066283190438629624,-0.10484024612100355,1.6,16,1.1024211753790563,1.1176678609062674
RS_TOP10,BIST100 relative-strength survival Top10,2024-04-01,2024-05-02,True,False,10,"BSOKE.IS, KCHOL.IS, GOLTS.IS, FROTO.IS, MPARK.IS, TAVHL.IS, YKBNK.IS, AKBNK.IS, TTRAK.IS, SAHOL.IS",0.11277210668638923,0.0036000000000000003,0.10917210668638923,0.11479125498681375,-0.005619148300424523,1.8,18,1.2227748175508732,1.2459663573181254
RS_TOP10,BIST100 relative-strength survival Top10,2024-05-02,2024-06-03,True,False,10,"TAVHL.IS, KARSN.IS, AKBNK.IS, KCHOL.IS, KCAER.IS, MAVI.IS, TUPRS.IS, VAKBN.IS, ANHYT.IS, MPARK.IS",0.07826624715174288,0.0024000000000000002,0.07586624715174288,0.03409831624425297,0.04176793090748991,1.2000000000000002,12,1.315542154070115,1.2884517121996588
RS_TOP10,BIST100 relative-strength survival Top10,2024-06-03,2024-07-01,True,False,10,"ANHYT.IS, GARAN.IS, TURSG.IS, ANSGR.IS, TCELL.IS, ISCTR.IS, TAVHL.IS, AKBNK.IS, VAKBN.IS, ULKER.IS",-0.008001486227948783,0.0024000000000000002,-0.010401486227948783,-0.02022394600015953,0.009822459772210749,1.2000000000000002,12,1.3018585604722688,1.2623941343483198
RS_TOP10,BIST100 relative-strength survival Top10,2024-07-01,2024-08-01,True,False,10,"ANHYT.IS, MAVI.IS, BSOKE.IS, MPARK.IS, AEFES.IS, ULKER.IS, GARAN.IS, TAVHL.IS, TCELL.IS, BIMAS.IS",0.09233391234544783,0.002,0.09033391234544783,0.04397042416062047,0.046363488184827356,1.0,10,1.4194605375601417,1.3179021398934947
RS_TOP10,BIST100 relative-strength survival Top10,2024-08-01,2024-09-02,True,False,10,"BSOKE.IS, GARAN.IS, AGHOL.IS, ENKAI.IS, BIMAS.IS, AEFES.IS, EREGL.IS, TSKB.IS, MPARK.IS, OYAKC.IS",-0.0346827678277686,0.002,-0.0366827678277686,-0.06370557813260957,0.027022810304840973,1.0,10,1.3673907962201435,1.2339444221493763
RS_TOP10,BIST100 relative-strength survival Top10,2024-09-02,2024-10-01,True,False,10,"BSOKE.IS, BTCIM.IS, KARSN.IS, ENKAI.IS, EKGYO.IS, CIMSA.IS, ENERY.IS, PGSUS.IS, AKCNS.IS, THYAO.IS",-0.09618721171667718,0.0032,-0.09938721171667718,-0.07507270986854753,-0.024314501848129652,1.6,16,1.2314896376567763,1.1413088705514436
RS_TOP10,BIST100 relative-strength survival Top10,2024-10-01,2024-11-01,False,True,0,,0.0,0.002,-0.002,-0.049854536196143995,0.04785453619614399,1.0,10,1.2290266583814629,1.0844094461535565
RS_TOP10,BIST100 relative-strength survival Top10,2024-11-01,2024-12-02,False,True,0,,0.0,0.0,0.0,0.08960032938412388,-0.08960032938412388,0.0,0,1.2290266583814629,1.1815728897161706
RS_TOP10,BIST100 relative-strength survival Top10,2024-12-02,2025-01-02,False,True,0,,0.0,0.0,0.0,0.028943067222292118,-0.028943067222292118,0.0,0,1.2290266583814629,1.2157712332912636
RS_TOP10,BIST100 relative-strength survival Top10,2025-01-02,2025-02-03,True,False,10,"LMKDC.IS, OYAKC.IS, CIMSA.IS, AKSA.IS, ASTOR.IS, TURSG.IS, ISMEN.IS, ALFAS.IS, GUBRF.IS, ANSGR.IS",-0.010751516337902067,0.002,-0.012751516337902067,-0.018762554144150623,0.006011037806248556,1.0,10,1.2133547048673945,1.1929602596997355
RS_TOP10,BIST100 relative-strength survival Top10,2025-02-03,2025-03-03,False,True,0,,0.0,0.002,-0.002,0.01398540683607341,-0.015985406836073413,1.0,10,1.2109279954576597,1.209644294270904
RS_TOP10,BIST100 relative-strength survival Top10,2025-03-03,2025-04-02,False,True,0,,0.0,0.0,0.0,-0.03912783951619636,0.03912783951619636,0.0,0,1.2109279954576597,1.1623135264529896
RS_TOP10,BIST100 relative-strength survival Top10,2025-04-02,2025-05-02,False,True,0,,0.0,0.0,0.0,-0.03735051360224828,0.03735051360224828,0.0,0,1.2109279954576597,1.11890051927313
RS_TOP10,BIST100 relative-strength survival Top10,2025-05-02,2025-06-02,False,True,0,,0.0,0.0,0.0,-0.017310865898019223,0.017310865898019223,0.0,0,1.2109279954576597,1.0995313824307689
RS_TOP10,BIST100 relative-strength survival Top10,2025-06-02,2025-07-01,False,True,0,,0.0,0.0,0.0,0.11893791534260201,-0.11893791534260201,0.0,0,1.2109279954576597,1.230307352910854
RS_TOP10,BIST100 relative-strength survival Top10,2025-07-01,2025-08-01,True,False,10,"A1CAP.IS, SKBNK.IS, ENERY.IS, EKGYO.IS, AKFGY.IS, AVPGY.IS, MAVI.IS, AKBNK.IS, GARAN.IS, ASELS.IS",0.07572984567890649,0.002,0.07372984567890649,0.06612834864407313,0.007601497034833357,1.0,10,1.3002095296910203,1.3116655464835096
RS_TOP10,BIST100 relative-strength survival Top10,2025-08-01,2025-09-01,True,False,10,"OTKAR.IS, HEKTS.IS, AKSEN.IS, ENERY.IS, ASELS.IS, TURSG.IS, KLSER.IS, EKGYO.IS, QUAGR.IS, TUPRS.IS",0.040512616421645345,0.0028000000000000004,0.03771261642164535,0.04960076766013599,-0.011888151238490643,1.4000000000000001,14,1.3492438329520255,1.3767251645024434
RS_TOP10,BIST100 relative-strength survival Top10,2025-09-01,2025-10-01,True,False,10,"SKBNK.IS, CANTE.IS, ENERY.IS, BRSAN.IS, BRYAT.IS, AHGAZ.IS, ENJSA.IS, QUAGR.IS, PASEU.IS, DOHOL.IS",-0.05328906647336953,0.0032,-0.05648906647336953,-0.005301401124778393,-0.051187665348591135,1.6,16,1.2730263083836146,1.3694265921668394
RS_TOP10,BIST100 relative-strength survival Top10,2025-10-01,2025-11-03,True,False,10,"QUAGR.IS, CWENE.IS, ECILC.IS, ASELS.IS, TUPRS.IS, KTLEV.IS, KONTR.IS, TOASO.IS, ENJSA.IS, TABGD.IS",0.0007614464811958488,0.0032,-0.002438553518804151,-0.014242152716157475,0.011803599197353323,1.6,16,1.2699219655997755,1.3499230095076322
RS_TOP10,BIST100 relative-strength survival Top10,2025-11-03,2025-12-01,True,False,10,"PASEU.IS, TURSG.IS, AKSEN.IS, SOKM.IS, CWENE.IS, ANHYT.IS, BRSAN.IS, TUPRS.IS, BERA.IS, SKBNK.IS",-0.0306642778152884,0.0032,-0.0338642778152884,0.005072113792783828,-0.038936391608072225,1.6,16,1.2269169753529676,1.3567699726233522
RS_TOP10,BIST100 relative-strength survival Top10,2025-12-01,2026-01-02,True,False,10,"HALKB.IS, KTLEV.IS, ALARK.IS, OYAKC.IS, VAKBN.IS, AKSEN.IS, SOKM.IS, MGROS.IS, TAVHL.IS, YKBNK.IS",0.08115249556473259,0.0032,0.07795249556473259,0.03435437328520674,0.04359812227952585,1.6,16,1.3225582154324649,1.4033809547250147
RS_TOP10,BIST100 relative-strength survival Top10,2026-01-02,2026-02-02,True,False,10,"AYDEM.IS, KTLEV.IS, ASTOR.IS, BRSAN.IS, ALARK.IS, AKSEN.IS, AKCNS.IS, CCOLA.IS, GUBRF.IS, TAVHL.IS",0.2266262128141614,0.0024000000000000002,0.22422621281416139,0.18459955622223956,0.03962665659192183,1.2000000000000002,12,1.6191104353051424,1.6624444561779952
RS_TOP10,BIST100 relative-strength survival Top10,2026-02-02,2026-03-02,True,False,10,"KTLEV.IS, BSOKE.IS, ASELS.IS, ASTOR.IS, GUBRF.IS, SOKM.IS, CCOLA.IS, AKBNK.IS, TOASO.IS, AKCNS.IS",0.03489431946542685,0.002,0.03289431946542685,-0.020160018308127192,0.05305433777355404,1.0,10,1.672369971213876,1.6289295455052022
RS_TOP10,BIST100 relative-strength survival Top10,2026-03-02,2026-04-01,True,False,10,"ASELS.IS, ASTOR.IS, SDTTR.IS, A1CAP.IS, GUBRF.IS, AKCNS.IS, SKBNK.IS, BSOKE.IS, EREGL.IS, BTCIM.IS",-0.02808560624751778,0.002,-0.030085606247517778,-0.03060750374962118,0.0005218975021034009,1.0,10,1.6220557067597627,1.579072078333283
RS_TOP10,BIST100 relative-strength survival Top10,2026-04-01,2026-05-04,True,False,10,"KTLEV.IS, YEOTK.IS, TUPRS.IS, AYDEM.IS, BSOKE.IS, TKFEN.IS, AKFYE.IS, ASTOR.IS, ENJSA.IS, BTCIM.IS",0.17491737493404097,0.0028000000000000004,0.17211737493404097,0.11065931685387143,0.06145805808016955,1.4000000000000001,14,1.9012396770040336,1.753811115784667
RS_TOP10,BIST100 relative-strength survival Top10,2026-05-04,2026-06-01,True,False,10,"ASTOR.IS, TKFEN.IS, KTLEV.IS, EUPWR.IS, ASELS.IS, KRDMD.IS, EREGL.IS, BSOKE.IS, SKBNK.IS, CWENE.IS",0.08909353130947398,0.0024000000000000002,0.08669353130947398,-0.04631998298273743,0.13301351429221142,1.2000000000000002,12,2.066064858469197,1.6725746147465854
RS_TOP10,BIST100 relative-strength survival Top10,2026-06-01,2026-07-01,True,False,10,"YEOTK.IS, EUPWR.IS, GESAN.IS, ASTOR.IS, SMRTG.IS, KTLEV.IS, MIATK.IS, EREGL.IS, CWENE.IS, TKFEN.IS",-0.02545367150849026,0.0016,-0.02705367150849026,0.047183275640324096,-0.07423694714881436,0.8,8,2.0101702184729358,1.7514921638231824
RS_TOP10,BIST100 relative-strength survival Top10,2026-07-01,2026-08-03,True,False,10,"KTLEV.IS, SKBNK.IS, ENERY.IS, AHGAZ.IS, ISGYO.IS, ODAS.IS, KCAER.IS, ALARK.IS, YKBNK.IS, AKBNK.IS",-0.1690793432932663,0.0036000000000000003,-0.17267934329326629,-0.0655094306136762,-0.10716991267959008,1.8,18,1.6630553452393475,1.63675290944681
RS_TOP10,BIST100 relative-strength survival Top10,2026-08-03,2026-09-01,True,False,10,"EUPWR.IS, TKFEN.IS, TUPRS.IS, AEFES.IS, PASEU.IS, ISGYO.IS, AKSEN.IS, AKSA.IS, EREGL.IS, ANHYT.IS",0.03763203108753532,0.0036000000000000003,0.034032031087535324,0.061034264195965804,-0.02700223310843048,1.8,18,1.7196524964488247,1.7366509189455024
RS_TOP10,BIST100 relative-strength survival Top10,2026-09-01,2026-10-01,True,False,10,"TUPRS.IS, TKFEN.IS, KTLEV.IS, PASEU.IS, BRSAN.IS, AHGAZ.IS, KCHOL.IS, KRDMD.IS, ENERY.IS, SOKM.IS",-0.1159983181726993,0.0028000000000000004,-0.1187983181726993,-0.13915243516761544,0.02035411699491614,1.4000000000000001,14,1.5153606720292205,1.4949917145381586
RS_TOP10,BIST100 relative-strength survival Top10,2026-10-01,2026-10-08,False,True,0,,0.0,0.002,-0.002,-0.0028900637296922493,0.0008900637296922493,1.0,10,1.5123299506851622,1.4906710932077814
RS_TOP5_NO_CASH,Survival Top5 without MA200 cash filter,2023-10-09,2023-11-01,True,False,5,"BTCIM.IS, TURSG.IS, ANSGR.IS, BSOKE.IS, SKBNK.IS",0.04129273212658522,0.002,0.03929273212658522,-0.08113846762996457,0.12043119975654978,1.0,5,1.0392927321265852,0.9188615323700354
RS_TOP5_NO_CASH,Survival Top5 without MA200 cash filter,2023-11-01,2023-12-01,True,False,5,"BSOKE.IS, BTCIM.IS, KONYA.IS, ANSGR.IS, SKBNK.IS",0.305192656394634,0.0008,0.304392656394634,0.06610789603210843,0.23828476036252555,0.4,2,1.3556458076302333,0.9796055350198576
RS_TOP5_NO_CASH,Survival Top5 without MA200 cash filter,2023-12-01,2024-01-02,True,False,5,"BTCIM.IS, BSOKE.IS, EGEEN.IS, KONYA.IS, BFREN.IS",-0.1864900845737402,0.0016,-0.18809008457374018,-0.050085367393092994,-0.1380047171806472,0.8,4,1.1006622730210265,0.9305416318980806
RS_TOP5_NO_CASH,Survival Top5 without MA200 cash filter,2024-01-02,2024-02-01,True,False,5,"CCOLA.IS, AEFES.IS, AKBNK.IS, GARAN.IS, MAVI.IS",0.11576563394719712,0.004,0.11176563394719712,0.13401884647733775,-0.022253212530140634,2.0,10,1.2236784897269843,1.0552517480042007
RS_TOP5_NO_CASH,Survival Top5 without MA200 cash filter,2024-02-01,2024-03-01,True,False,5,"KCAER.IS, TTKOM.IS, BIMAS.IS, EKGYO.IS, MAVI.IS",0.08155259003147416,0.0032,0.07835259003147417,0.052173933668934636,0.026178656362539535,1.6,8,1.3195568687628962,1.1103083827085993
RS_TOP5_NO_CASH,Survival Top5 without MA200 cash filter,2024-03-01,2024-04-01,True,False,5,"MIATK.IS, KCAER.IS, BERA.IS, BRYAT.IS, TAVHL.IS",-0.10963175714970037,0.0032,-0.11283175714970037,0.0066283190438629624,-0.11946007619356333,1.6,8,1.1706689486014221,1.1176678609062674
RS_TOP5_NO_CASH,Survival Top5 without MA200 cash filter,2024-04-01,2024-05-02,True,False,5,"BSOKE.IS, KCHOL.IS, GOLTS.IS, FROTO.IS, MPARK.IS",0.09179598816497798,0.004,0.08779598816497798,0.11479125498681375,-0.02699526682183577,2.0,10,1.2734489857579396,1.2459663573181254
RS_TOP5_NO_CASH,Survival Top5 without MA200 cash filter,2024-05-02,2024-06-03,True,False,5,"TAVHL.IS, KARSN.IS, AKBNK.IS, KCHOL.IS, KCAER.IS",0.0017592306649508505,0.0032,-0.0014407693350491496,0.03409831624425297,-0.03553908557930212,1.6,8,1.2716142395095102,1.2884517121996588
RS_TOP5_NO_CASH,Survival Top5 without MA200 cash filter,2024-06-03,2024-07-01,True,False,5,"ANHYT.IS, GARAN.IS, TURSG.IS, ANSGR.IS, TCELL.IS",0.0030131593937660515,0.004,-0.0009868406062339486,-0.02022394600015953,0.019237105393925584,2.0,10,1.2703593589424969,1.2623941343483198
RS_TOP5_NO_CASH,Survival Top5 without MA200 cash filter,2024-07-01,2024-08-01,True,False,5,"ANHYT.IS, MAVI.IS, BSOKE.IS, MPARK.IS, AEFES.IS",0.09754861611613377,0.0032,0.09434861611613378,0.04397042416062047,0.05037819195551331,1.6,8,1.3902160064289002,1.3179021398934947
RS_TOP5_NO_CASH,Survival Top5 without MA200 cash filter,2024-08-01,2024-09-02,True,False,5,"BSOKE.IS, GARAN.IS, AGHOL.IS, ENKAI.IS, BIMAS.IS",0.03274390185473843,0.0032,0.02954390185473843,-0.06370557813260957,0.093249479987348,1.6,8,1.431288411679722,1.2339444221493763
RS_TOP5_NO_CASH,Survival Top5 without MA200 cash filter,2024-09-02,2024-10-01,True,False,5,"BSOKE.IS, BTCIM.IS, KARSN.IS, ENKAI.IS, EKGYO.IS",-0.15960076506362525,0.0024000000000000002,-0.16200076506362526,-0.07507270986854753,-0.08692805519507774,1.2000000000000002,6,1.1994185939609059,1.1413088705514436
RS_TOP5_NO_CASH,Survival Top5 without MA200 cash filter,2024-10-01,2024-11-01,False,False,5,"GUBRF.IS, AHGAZ.IS, AVPGY.IS, GARAN.IS, VAKBN.IS",0.006087274807979481,0.004,0.002087274807979481,-0.049854536196143995,0.05194181100412348,2.0,10,1.2019221101763027,1.0844094461535565
RS_TOP5_NO_CASH,Survival Top5 without MA200 cash filter,2024-11-01,2024-12-02,False,False,5,"AHGAZ.IS, TKFEN.IS, ENERY.IS, GUBRF.IS, ASELS.IS",0.1175524603163733,0.0024000000000000002,0.1151524603163733,0.08960032938412388,0.025552130932249423,1.2000000000000002,6,1.340326398271751,1.1815728897161706
RS_TOP5_NO_CASH,Survival Top5 without MA200 cash filter,2024-12-02,2025-01-02,False,False,5,"GUBRF.IS, ISMEN.IS, ISGYO.IS, CIMSA.IS, OYAKC.IS",0.1372260644864391,0.0032,0.13402606448643908,0.028943067222292118,0.10508299726414697,1.6,8,1.5199650705593974,1.2157712332912636
RS_TOP5_NO_CASH,Survival Top5 without MA200 cash filter,2025-01-02,2025-02-03,True,False,5,"LMKDC.IS, OYAKC.IS, CIMSA.IS, AKSA.IS, ASTOR.IS",-0.003121659048384129,0.0024000000000000002,-0.005521659048384129,-0.018762554144150623,0.013240895095766494,1.2000000000000002,6,1.5115723416743154,1.1929602596997355
RS_TOP5_NO_CASH,Survival Top5 without MA200 cash filter,2025-02-03,2025-03-03,False,False,5,"CIMSA.IS, ASELS.IS, AKCNS.IS, PASEU.IS, OYAKC.IS",-0.006757902042126585,0.0024000000000000002,-0.009157902042126586,0.01398540683607341,-0.023143308878199997,1.2000000000000002,6,1.4977295102396742,1.209644294270904
RS_TOP5_NO_CASH,Survival Top5 without MA200 cash filter,2025-03-03,2025-04-02,False,False,5,"ASELS.IS, PASEU.IS, AKSA.IS, OYAKC.IS, AKBNK.IS",3.270861891511156e-05,0.0016,-0.0015672913810848884,-0.03912783951619636,0.03756054813511147,0.8,4,1.495382131687079,1.1623135264529896
RS_TOP5_NO_CASH,Survival Top5 without MA200 cash filter,2025-04-02,2025-05-02,False,False,5,"TKFEN.IS, ASELS.IS, ENKAI.IS, QUAGR.IS, ALARK.IS",0.07537368859508127,0.0032,0.07217368859508128,-0.03735051360224828,0.10952420219732956,1.6,8,1.603309375990111,1.11890051927313
RS_TOP5_NO_CASH,Survival Top5 without MA200 cash filter,2025-05-02,2025-06-02,False,False,5,"PASEU.IS, QUAGR.IS, KTLEV.IS, SKBNK.IS, BTCIM.IS",0.012073247500502737,0.0032,0.008873247500502737,-0.017310865898019223,0.02618411339852196,1.6,8,1.6175359369031477,1.0995313824307689
RS_TOP5_NO_CASH,Survival Top5 without MA200 cash filter,2025-06-02,2025-07-01,False,False,5,"PASEU.IS, A1CAP.IS, QUAGR.IS, KTLEV.IS, AHGAZ.IS",0.16502201503823694,0.0016,0.16342201503823695,0.11893791534260201,0.04448409969563494,0.8,4,1.8818769191086226,1.230307352910854
RS_TOP5_NO_CASH,Survival Top5 without MA200 cash filter,2025-07-01,2025-08-01,True,False,5,"A1CAP.IS, SKBNK.IS, ENERY.IS, EKGYO.IS, AKFGY.IS",0.076197229783213,0.0032,0.072997229783213,0.06612834864407313,0.0068688811391398735,1.6,8,2.01924872099652,1.3116655464835096
RS_TOP5_NO_CASH,Survival Top5 without MA200 cash filter,2025-08-01,2025-09-01,True,False,5,"OTKAR.IS, HEKTS.IS, AKSEN.IS, ENERY.IS, ASELS.IS",0.05190617515643701,0.0032,0.04870617515643701,0.04960076766013599,-0.0008945925036989849,1.6,8,2.117598602885788,1.3767251645024434
RS_TOP5_NO_CASH,Survival Top5 without MA200 cash filter,2025-09-01,2025-10-01,True,False,5,"SKBNK.IS, CANTE.IS, ENERY.IS, BRSAN.IS, BRYAT.IS",-0.13503974503534338,0.0032,-0.1382397450353434,-0.005301401124778393,-0.132938343910565,1.6,8,1.8248623119356573,1.3694265921668394
RS_TOP5_NO_CASH,Survival Top5 without MA200 cash filter,2025-10-01,2025-11-03,True,False,5,"QUAGR.IS, CWENE.IS, ECILC.IS, ASELS.IS, TUPRS.IS",-0.012015236215200153,0.004,-0.01601523621520015,-0.014242152716157475,-0.001773083499042677,2.0,10,1.7956367109497915,1.3499230095076322
RS_TOP5_NO_CASH,Survival Top5 without MA200 cash filter,2025-11-03,2025-12-01,True,False,5,"PASEU.IS, TURSG.IS, AKSEN.IS, SOKM.IS, CWENE.IS",-0.019842935477754044,0.0032,-0.023042935477754045,0.005072113792783828,-0.028115049270537873,1.6,8,1.754259970077889,1.3567699726233522
RS_TOP5_NO_CASH,Survival Top5 without MA200 cash filter,2025-12-01,2026-01-02,True,False,5,"HALKB.IS, KTLEV.IS, ALARK.IS, OYAKC.IS, VAKBN.IS",0.07893699135896601,0.004,0.074936991358966,0.03435437328520674,0.04058261807375926,2.0,10,1.8857189342969956,1.4033809547250147
RS_TOP5_NO_CASH,Survival Top5 without MA200 cash filter,2026-01-02,2026-02-02,True,False,5,"AYDEM.IS, KTLEV.IS, ASTOR.IS, BRSAN.IS, ALARK.IS",0.2561556089367722,0.0024000000000000002,0.2537556089367722,0.18459955622223956,0.06915605271453262,1.2000000000000002,6,2.3642306907531307,1.6624444561779952
RS_TOP5_NO_CASH,Survival Top5 without MA200 cash filter,2026-02-02,2026-03-02,True,False,5,"KTLEV.IS, BSOKE.IS, ASELS.IS, ASTOR.IS, GUBRF.IS",0.090554336870354,0.0024000000000000002,0.088154336870354,-0.020160018308127192,0.10831435517848119,1.2000000000000002,6,2.572647879505012,1.6289295455052022
RS_TOP5_NO_CASH,Survival Top5 without MA200 cash filter,2026-03-02,2026-04-01,True,False,5,"ASELS.IS, ASTOR.IS, SDTTR.IS, A1CAP.IS, GUBRF.IS",-0.08132663451578785,0.0016,-0.08292663451578786,-0.03060750374962118,-0.05231913076616668,0.8,4,2.359306849063483,1.579072078333283
RS_TOP5_NO_CASH,Survival Top5 without MA200 cash filter,2026-04-01,2026-05-04,True,False,5,"KTLEV.IS, YEOTK.IS, TUPRS.IS, AYDEM.IS, BSOKE.IS",0.14500099838442318,0.004,0.14100099838442318,0.11065931685387143,0.03034168153055175,2.0,10,2.6919714702766417,1.753811115784667
RS_TOP5_NO_CASH,Survival Top5 without MA200 cash filter,2026-05-04,2026-06-01,True,False,5,"ASTOR.IS, TKFEN.IS, KTLEV.IS, EUPWR.IS, ASELS.IS",0.11339060714222964,0.0032,0.11019060714222964,-0.04631998298273743,0.15651059012496707,1.6,8,2.9886014409959856,1.6725746147465854
RS_TOP5_NO_CASH,Survival Top5 without MA200 cash filter,2026-06-01,2026-07-01,True,False,5,"YEOTK.IS, EUPWR.IS, GESAN.IS, ASTOR.IS, SMRTG.IS",-0.03972063861375976,0.0024000000000000002,-0.04212063861375976,0.047183275640324096,-0.08930391425408385,1.2000000000000002,6,2.862719639739232,1.7514921638231824
RS_TOP5_NO_CASH,Survival Top5 without MA200 cash filter,2026-07-01,2026-08-03,True,False,5,"KTLEV.IS, SKBNK.IS, ENERY.IS, AHGAZ.IS, ISGYO.IS",-0.23855118195535585,0.004,-0.24255118195535585,-0.0655094306136762,-0.17704175134167965,2.0,10,2.1683636075136707,1.63675290944681
RS_TOP5_NO_CASH,Survival Top5 without MA200 cash filter,2026-08-03,2026-09-01,True,False,5,"EUPWR.IS, TKFEN.IS, TUPRS.IS, AEFES.IS, PASEU.IS",0.16430768502317009,0.004,0.16030768502317008,0.061034264195965804,0.09927342082720428,2.0,10,2.515968957722677,1.7366509189455024
RS_TOP5_NO_CASH,Survival Top5 without MA200 cash filter,2026-09-01,2026-10-01,True,False,5,"TUPRS.IS, TKFEN.IS, KTLEV.IS, PASEU.IS, BRSAN.IS",-0.31562409650012446,0.0016,-0.31722409650012445,-0.13915243516761544,-0.178071661332509,0.8,4,1.717842978286741,1.4949917145381586
RS_TOP5_NO_CASH,Survival Top5 without MA200 cash filter,2026-10-01,2026-10-08,False,False,5,"ENERY.IS, TKFEN.IS, AHGAZ.IS, TUPRS.IS, BIMAS.IS",0.02440561883459691,0.0024000000000000002,0.02200561883459691,-0.0028900637296922493,0.02489568256428916,1.2000000000000002,6,1.755645176084608,1.4906710932077814
