threshold,period,months,avg_cash_weight,avg_qualified_count,selection_score,strategy_total_return,bist100_total_return,excess_return_over_benchmark,strategy_max_drawdown,bist100_max_drawdown,win_rate
baseline_full_invested,out_of_sample,33,0.0,3.0,0.009267482825211115,0.5122502760622649,0.43745970812273915,0.07479056793952576,-0.17670093649655128,-0.17278048838539306,0.5757575757575758
baseline_full_invested,validation,24,0.0,3.0,2.2100286895404984,5.3727349102579405,3.2415637612067236,2.131171149051217,-0.11682122975535925,-0.1617839465479347,0.625
0.02,out_of_sample,33,0.27272727272727276,2.1818181818181817,-0.20140793630815468,0.2939861074958612,0.43745970812273915,-0.14347360062687797,-0.15017928905275957,-0.17278048838539306,0.48484848484848486
0.02,train,43,0.5348837209302327,1.3953488372093024,-1.0247209778056328,0.3399675558655375,1.075422626952499,-0.7354550710869614,-0.24928411615003332,-0.24757740982109966,0.4186046511627907
0.02,validation,24,0.48611111111111116,1.5416666666666667,-2.2841841103648064,0.8614415103617623,3.2415637612067236,-2.3801222508449613,-0.07703092975992254,-0.1617839465479347,0.5
0.05,out_of_sample,33,0.7171717171717172,0.8484848484848485,-0.21337917687894287,0.17012192534686132,0.43745970812273915,-0.26733778277587783,-0.06392978796062343,-0.17278048838539306,0.36363636363636365
0.05,train,43,0.8837209302325582,0.3488372093023256,-1.2372570629562272,-0.012323389672799001,1.075422626952499,-1.087746016625298,-0.11545319758406924,-0.24757740982109966,0.16279069767441862
0.05,validation,24,0.8194444444444445,0.5416666666666666,-2.973929284545927,0.22805484281449817,3.2415637612067236,-3.0135089183922252,-0.032293516410184187,-0.1617839465479347,0.20833333333333334
0.08,out_of_sample,33,0.8686868686868688,0.3939393939393939,-0.6300734894493223,-0.0770499494457304,0.43745970812273915,-0.5145096575684696,-0.08808494624345664,-0.17278048838539306,0.12121212121212122
0.08,train,43,0.9767441860465116,0.06976744186046512,-1.1624720531572434,-0.028785955522653506,1.075422626952499,-1.1042085824751524,-0.040759642317789724,-0.24757740982109966,0.046511627906976744
0.08,validation,24,0.888888888888889,0.3333333333333333,-3.0143794977756233,0.21654832386943457,3.2415637612067236,-3.025015437337289,-0.025932030219167235,-0.1617839465479347,0.125
0.1,out_of_sample,33,0.9595959595959597,0.12121212121212122,-0.5157671903795314,-0.031152999136102477,0.43745970812273915,-0.46861270725884163,-0.031152999136102477,-0.17278048838539306,0.030303030303030304
0.1,train,43,0.9922480620155039,0.023255813953488372,-1.0539980145936627,0.009796705382091986,1.075422626952499,-1.065625921570407,0.0,-0.24757740982109966,0.023255813953488372
0.1,validation,24,0.9444444444444445,0.16666666666666666,-3.066124313966389,0.12350405456152558,3.2415637612067236,-3.118059706645198,-0.0052823036605956775,-0.1617839465479347,0.125
0.12,out_of_sample,33,0.9696969696969697,0.09090909090909091,-0.4766822282172145,-0.009021127217918812,0.43745970812273915,-0.44648083534065797,-0.02267645401403584,-0.17278048838539306,0.030303030303030304
0.12,train,43,0.9922480620155039,0.023255813953488372,-1.0539980145936627,0.009796705382091986,1.075422626952499,-1.065625921570407,0.0,-0.24757740982109966,0.023255813953488372
0.12,validation,24,0.9722222222222223,0.08333333333333333,-3.0752566809366155,0.1246404136034418,3.2415637612067236,-3.116923347603282,0.0,-0.1617839465479347,0.08333333333333333
