symbol,momentum_1m,momentum_3m,momentum_6m,volume_increase,above_ma,volatility,momentum_1m_contribution,momentum_3m_contribution,momentum_6m_contribution,volume_increase_contribution,above_ma_contribution,volatility_penalty_contribution,score,rank,model,momentum_1m_relative_contribution,momentum_3m_relative_contribution,momentum_6m_relative_contribution,volume_increase_relative_contribution,above_ma_relative_contribution,volatility_penalty_relative_contribution,expected_return_low,expected_return_mid,expected_return_high,snapshot_date,benchmark_date,policy,regime_status,bist100_close,bist100_ma200,bist100_below_ma200,active_model,active_portfolio_size,min_buy_expected_return,opportunity_filter_percentile,recommended,opportunity_threshold,action,confidence_score
BIMAS.IS,-0.056313718280231684,0.08302253368216528,0.1737397162419263,-0.06057748137295882,0.5,0.019129072436797262,0.06470588235294118,0.1323529411764706,0.1323529411764706,0.029411764705882356,0.11911764705882352,0.3058823529411765,0.7838235294117648,1,low_volatility,0.0825515947467167,0.16885553470919323,0.16885553470919323,0.037523452157598496,0.1519699812382739,0.39024390243902435,-0.0205580539159817,0.019028938484348,0.0684462704837867,2026-10-08,2026-10-09,defensive_mode,BELOW_MA200_DEFENSIVE,12266.0,13602.733520507812,True,low_volatility,5,0.0,0.5,True,0.0191938585275912,HOLD,70.95
KCHOL.IS,-0.05051409569027532,0.10165970194235352,0.09259259549969312,-0.04854306879634396,0.5,0.020786029855487637,0.07647058823529412,0.1411764705882353,0.12352941176470587,0.03529411764705883,0.11911764705882352,0.23529411764705885,0.7308823529411765,2,low_volatility,0.10462776659959758,0.193158953722334,0.16901408450704222,0.048289738430583505,0.1629778672032193,0.32193158953722334,-0.0661359807508125,0.0191938585275912,0.06904391931949125,2026-10-08,2026-10-09,defensive_mode,BELOW_MA200_DEFENSIVE,12266.0,13602.733520507812,True,low_volatility,5,0.0,0.5,True,0.0191938585275912,BUY,70.95
TUPRS.IS,-0.03613967778605409,0.49542759119454116,0.5566438543758887,-0.19624847370159593,1.0,0.028035534938590474,0.08823529411764706,0.15,0.15,0.008823529411764707,0.14558823529411763,0.07058823529411766,0.613235294117647,3,low_volatility,0.14388489208633096,0.2446043165467626,0.2446043165467626,0.014388489208633098,0.23741007194244604,0.11510791366906478,-0.08597935286307551,0.0195381803197951,0.11887137208055915,2026-10-08,2026-10-09,defensive_mode,BELOW_MA200_DEFENSIVE,12266.0,13602.733520507812,True,low_volatility,5,0.0,0.5,True,0.0191938585275912,BUY,70.95
FROTO.IS,-0.1137581390056649,-0.09046456295602656,-0.25896413949055863,-0.05861896022001578,0.0,0.01862060470200047,0.03529411764705883,0.06176470588235294,0.01764705882352941,0.03235294117647059,0.052941176470588235,0.3764705882352941,0.5764705882352941,4,low_volatility,0.06122448979591839,0.10714285714285715,0.030612244897959186,0.056122448979591844,0.09183673469387756,0.653061224489796,-0.030662695557949,0.0417061216022127,0.1388396310918183,2026-10-08,2026-10-09,defensive_mode,BELOW_MA200_DEFENSIVE,12266.0,13602.733520507812,True,low_volatility,5,0.0,0.5,True,0.0191938585275912,BUY,70.95
THYAO.IS,-0.055647840531561465,-0.17489114658925975,-0.04373423044575275,-0.16391147108949577,0.0,0.018626249652777666,0.07058823529411766,0.026470588235294117,0.052941176470588235,0.014705882352941178,0.052941176470588235,0.35294117647058826,0.5705882352941177,5,low_volatility,0.12371134020618557,0.04639175257731958,0.09278350515463916,0.02577319587628866,0.09278350515463916,0.6185567010309277,-0.052434175232511,0.003753763602968,0.0701777996871968,2026-10-08,2026-10-09,defensive_mode,BELOW_MA200_DEFENSIVE,12266.0,13602.733520507812,True,low_volatility,5,0.0,0.5,True,0.0191938585275912,HOLD,70.95
YKBNK.IS,-0.0256830236584199,0.014797964336813685,0.014797964336813685,-0.13842892506410287,0.5,0.026343162189908887,0.09411764705882353,0.11470588235294116,0.10588235294117647,0.017647058823529415,0.11911764705882352,0.11764705882352942,0.5691176470588235,6,low_volatility,0.165374677002584,0.2015503875968992,0.18604651162790697,0.031007751937984503,0.20930232558139533,0.20671834625323002,-0.06073758687238,0.0012391857819089,0.07874271551714518,2026-10-08,2026-10-09,defensive_mode,BELOW_MA200_DEFENSIVE,12266.0,13602.733520507812,True,low_volatility,5,0.0,0.5,False,0.0191938585275912,EXCLUDE,70.95
SAHOL.IS,-0.07600211160664005,-0.01933701657458564,-0.032697547683923744,-0.07408657888789749,0.0,0.02010483709064294,0.047058823529411764,0.08823529411764706,0.06176470588235294,0.02647058823529412,0.052941176470588235,0.28235294117647064,0.5588235294117647,7,low_volatility,0.08421052631578947,0.15789473684210528,0.11052631578947367,0.04736842105263158,0.09473684210526316,0.505263157894737,-0.00167218809266,0.0588821519160343,0.1173444000777613,2026-10-08,2026-10-09,defensive_mode,BELOW_MA200_DEFENSIVE,12266.0,13602.733520507812,True,low_volatility,5,0.0,0.5,False,0.0191938585275912,EXCLUDE,70.95
GARAN.IS,-0.04318691675325248,-0.003875968992248069,-0.014064841689017338,-0.10073406761799664,0.0,0.022191130014603985,0.08235294117647059,0.10588235294117647,0.07941176470588235,0.023529411764705882,0.052941176470588235,0.21176470588235297,0.5558823529411765,8,low_volatility,0.14814814814814814,0.19047619047619047,0.14285714285714285,0.042328042328042326,0.09523809523809523,0.380952380952381,-0.0739080567040916,0.0265059178623019,0.0660173928042038,2026-10-08,2026-10-09,defensive_mode,BELOW_MA200_DEFENSIVE,12266.0,13602.733520507812,True,low_volatility,5,0.0,0.5,False,0.0191938585275912,EXCLUDE,70.95
ARCLK.IS,-0.1561844998696046,-0.18604652418599033,-0.2708333434114132,0.026812056343200386,0.0,0.015250211751696876,0.017647058823529415,0.01764705882352941,0.008823529411764706,0.047058823529411764,0.052941176470588235,0.4,0.5441176470588236,9,low_volatility,0.032432432432432434,0.03243243243243243,0.016216216216216214,0.08648648648648648,0.09729729729729729,0.7351351351351351,-0.0365806680561854,0.0007363095911598,0.1184587781077792,2026-10-08,2026-10-09,defensive_mode,BELOW_MA200_DEFENSIVE,12266.0,13602.733520507812,True,low_volatility,5,0.0,0.5,False,0.0191938585275912,EXCLUDE,70.95
TCELL.IS,-0.015717151822698283,-0.0635514303902599,-0.07734808143556826,-0.2330852114160289,0.0,0.020610243581525235,0.1,0.07058823529411765,0.04411764705882353,0.0029411764705882353,0.052941176470588235,0.25882352941176473,0.5294117647058824,10,low_volatility,0.18888888888888888,0.13333333333333333,0.08333333333333334,0.005555555555555556,0.09999999999999999,0.48888888888888893,-0.0261911119031459,0.0124594158070348,0.0426638765787825,2026-10-08,2026-10-09,defensive_mode,BELOW_MA200_DEFENSIVE,12266.0,13602.733520507812,True,low_volatility,5,0.0,0.5,False,0.0191938585275912,EXCLUDE,70.95
EREGL.IS,-0.06345965303826762,-0.09405947792659508,0.23412011604071115,-0.22240512808329704,0.5,0.025607156604541832,0.05882352941176471,0.052941176470588235,0.1411764705882353,0.0058823529411764705,0.11911764705882352,0.14117647058823532,0.5191176470588236,11,low_volatility,0.11331444759206799,0.10198300283286119,0.27195467422096314,0.011331444759206798,0.22946175637393765,0.2719546742209632,-0.0656946553905123,0.0190703728875496,0.1111112501012456,2026-10-08,2026-10-09,defensive_mode,BELOW_MA200_DEFENSIVE,12266.0,13602.733520507812,True,low_volatility,5,0.0,0.5,False,0.0191938585275912,EXCLUDE,70.95
AKBNK.IS,-0.06579843212013925,-0.008727250532670427,-0.030583235171355305,0.03310648518842996,0.0,0.023982271585918914,0.05294117647058824,0.09705882352941177,0.07058823529411765,0.05,0.052941176470588235,0.18823529411764706,0.5117647058823529,12,low_volatility,0.10344827586206899,0.18965517241379312,0.13793103448275862,0.09770114942528738,0.10344827586206898,0.36781609195402304,-0.06619355962399755,0.0111110916693351,0.0779923584675126,2026-10-08,2026-10-09,defensive_mode,BELOW_MA200_DEFENSIVE,12266.0,13602.733520507812,True,low_volatility,5,0.0,0.5,False,0.0191938585275912,EXCLUDE,70.95
PGSUS.IS,-0.12346471377835144,-0.20329019662232084,-0.23991025368421937,-0.10204837077665407,0.0,0.018677555559861104,0.029411764705882356,0.008823529411764706,0.026470588235294117,0.020588235294117647,0.052941176470588235,0.32941176470588235,0.4676470588235294,13,low_volatility,0.06289308176100629,0.018867924528301886,0.05660377358490566,0.0440251572327044,0.11320754716981132,0.7044025157232704,-0.0537067277155769,-0.0194552529182879,0.10900296432182952,2026-10-08,2026-10-09,defensive_mode,BELOW_MA200_DEFENSIVE,12266.0,13602.733520507812,True,low_volatility,5,0.0,0.5,False,0.0191938585275912,SELL,70.95
PETKM.IS,-0.2030888149171456,0.06721816064135822,-0.010546558689646046,0.026065037492528642,1.0,0.03942243504122464,0.0058823529411764705,0.12352941176470587,0.08823529411764706,0.04411764705882353,0.14558823529411763,0.023529411764705882,0.4308823529411765,14,low_volatility,0.0136518771331058,0.28668941979522183,0.20477815699658702,0.10238907849829351,0.3378839590443685,0.0546075085324232,-0.017800980227300124,0.07582576484113185,0.1130623552283964,2026-10-08,2026-10-09,defensive_mode,BELOW_MA200_DEFENSIVE,12266.0,13602.733520507812,True,low_volatility,5,0.0,0.5,False,0.0191938585275912,EXCLUDE,70.95
TOASO.IS,-0.08112724167378305,-0.11147811725846413,0.011278195488721776,-0.1670440637480758,0.0,0.025464542674239424,0.041176470588235294,0.04411764705882353,0.09705882352941177,0.011764705882352941,0.052941176470588235,0.16470588235294117,0.411764705882353,15,low_volatility,0.09999999999999999,0.10714285714285714,0.2357142857142857,0.028571428571428567,0.12857142857142856,0.39999999999999997,-0.07126395669746019,-0.0091399766450234,0.04150420153506025,2026-10-08,2026-10-09,defensive_mode,BELOW_MA200_DEFENSIVE,12266.0,13602.733520507812,True,low_volatility,5,0.0,0.5,False,0.0191938585275912,SELL,70.95
ASELS.IS,-0.13300186451211937,-0.057432432432432456,0.034866468842730036,-0.004600933125092799,0.0,0.03163868442762839,0.023529411764705882,0.07941176470588235,0.11470588235294116,0.041176470588235294,0.052941176470588235,0.047058823529411764,0.35882352941176465,16,low_volatility,0.06557377049180328,0.2213114754098361,0.319672131147541,0.11475409836065575,0.1475409836065574,0.13114754098360656,-0.0431157354630687,0.0478184312002618,0.11780207106775795,2026-10-08,2026-10-09,defensive_mode,BELOW_MA200_DEFENSIVE,12266.0,13602.733520507812,True,low_volatility,5,0.0,0.5,False,0.0191938585275912,EXCLUDE,70.95
SISE.IS,-0.15693269772053564,-0.12937382848878176,-0.1448316943799105,-0.04411143673506779,0.0,0.02695051861746699,0.011764705882352941,0.03529411764705882,0.03529411764705882,0.03823529411764706,0.052941176470588235,0.09411764705882353,0.2676470588235294,17,low_volatility,0.04395604395604396,0.13186813186813187,0.13186813186813187,0.14285714285714288,0.1978021978021978,0.3516483516483517,-0.015821128597122,0.0809523100911218,0.1228641032273827,2026-10-08,2026-10-09,defensive_mode,BELOW_MA200_DEFENSIVE,12266.0,13602.733520507812,True,low_volatility,5,0.0,0.5,False,0.0191938585275912,EXCLUDE,70.95
