policy_id,policy_name,frequency,portfolio_size,score_mode,start_date,end_date,selected_symbols,selected_sectors,gross_return,net_return,benchmark_return,excess_return,transaction_cost_impact,turnover,trades,equity,gross_equity,benchmark_equity,cumulative_return,cumulative_benchmark_return,cumulative_excess_return
A,Current fixed follow-up state,monthly,3,fixed_state,2026-06-01,2026-10-02,"EREGL.IS, SISE.IS, BIMAS.IS","Steel, Glass/Industrial, Retail",-0.054950261233353746,-0.05695026123335375,-0.10462637220428339,0.04767611097092964,0.002,1.0,3,0.9430497387666462,0.9450497387666462,0.8953736277957166,-0.05695026123335378,-0.10462637220428339,0.04767611097092961
B,Weekly rebalance Top3,weekly,3,base,2026-06-01,2026-06-08,"EREGL.IS, SISE.IS, BIMAS.IS","Steel, Glass/Industrial, Retail",-0.0018746886765467579,-0.003874688676546758,0.01142729198591641,-0.015301980662463167,0.002,1.0,3,0.9961253113234533,0.9981253113234533,1.0114272919859164,-0.0038746886765467226,0.01142729198591641,-0.015301980662463133
B,Weekly rebalance Top3,weekly,3,base,2026-06-08,2026-06-15,"BIMAS.IS, EREGL.IS, SISE.IS","Retail, Steel, Glass/Industrial",0.03509811410395591,0.03509811410395591,0.04226374022475743,-0.007165626120801516,0.0,0.0,0,1.0310874311621225,1.0331576273903305,1.054173992310639,0.031087431162122536,0.05417399231063902,-0.023086561148516482
B,Weekly rebalance Top3,weekly,3,base,2026-06-15,2026-06-22,"BIMAS.IS, YKBNK.IS, AKBNK.IS","Retail, Banks, Banks",0.039627389066438666,0.036960722399772,0.0196104079235786,0.017350314476193403,0.0026666666666666666,1.3333333333333333,4,1.0691971674751999,1.0740989666578857,1.074846774322278,0.06919716747519988,0.07484677432227804,-0.005649606847078159
B,Weekly rebalance Top3,weekly,3,base,2026-06-22,2026-06-29,"AKBNK.IS, YKBNK.IS, BIMAS.IS","Banks, Banks, Retail",-0.05513704437516768,-0.05513704437516768,-0.03710190925501089,-0.018035135120156788,0.0,0.0,0,1.0102447958063163,1.0148763242699481,1.0349679068383317,0.01024479580631632,0.03496790683833173,-0.02472311103201541
B,Weekly rebalance Top3,weekly,3,base,2026-06-29,2026-07-06,"AKBNK.IS, TOASO.IS, BIMAS.IS","Banks, Autos, Retail",-0.028734978488558067,-0.0300683118218914,0.017013071899474985,-0.04708138372136639,0.0013333333333333333,0.6666666666666666,2,0.979868440269569,0.9857138749235043,1.0525758902510214,-0.020131559730431015,0.052575890251021384,-0.0727074499814524
B,Weekly rebalance Top3,weekly,3,base,2026-07-06,2026-07-13,"ASELS.IS, THYAO.IS, BIMAS.IS","Defense/Technology, Airlines, Retail",-0.05091117235328194,-0.05357783901994861,-0.023051058962182402,-0.030526780057766205,0.0026666666666666666,1.3333333333333333,4,0.9273692067160779,0.9355300259462523,1.0283129013426735,-0.07263079328392208,0.028312901342673502,-0.10094369462659558
B,Weekly rebalance Top3,weekly,3,base,2026-07-13,2026-07-20,"THYAO.IS, BIMAS.IS, TUPRS.IS","Airlines, Retail, Energy/Refinery",0.06621044423188553,0.06487711089855219,-0.0014902072097644492,0.06636731810831664,0.0013333333333333333,0.6666666666666666,2,0.9875342415840993,0.9974718845564212,1.0267805020431988,-0.012465758415900696,0.026780502043198817,-0.03924626045909951
B,Weekly rebalance Top3,weekly,3,base,2026-07-20,2026-07-27,"BIMAS.IS, TUPRS.IS, THYAO.IS","Retail, Energy/Refinery, Airlines",-0.04065208547365314,-0.04065208547365314,-0.021050401201940128,-0.019601684271713014,0.0,0.0,0,0.9473889151870633,0.9569225722478677,1.0051663605288599,-0.05261108481293675,0.005166360528859881,-0.05777744534179663
B,Weekly rebalance Top3,weekly,3,base,2026-07-27,2026-08-03,"TUPRS.IS, BIMAS.IS, THYAO.IS","Energy/Refinery, Retail, Airlines",-0.006740711350513351,-0.006740711350513351,-0.026446831159283368,0.019706119808770017,0.0,0.0,0,0.9410028399731113,0.950472233403554,0.9785828955049618,-0.058997160026888706,-0.021417104495038197,-0.03758005553185051
B,Weekly rebalance Top3,weekly,3,base,2026-08-03,2026-08-10,"TUPRS.IS, BIMAS.IS, THYAO.IS","Energy/Refinery, Retail, Airlines",0.046694701948292096,0.046694701948292096,0.029909370222959586,0.01678533172533251,0.0,0.0,0,0.9849426871181522,0.9948542510524606,1.0078516936204756,-0.01505731288184775,0.007851693620475553,-0.022909006502323304
B,Weekly rebalance Top3,weekly,3,base,2026-08-10,2026-08-17,"TUPRS.IS, KCHOL.IS, BIMAS.IS","Energy/Refinery, Holdings, Retail",0.029013569594411964,0.02768023626107863,0.02320513257439427,0.00447510368668436,0.0013333333333333333,0.6666666666666666,2,1.0122061334012042,1.0237185241016677,1.0312390257862665,0.012206133401204244,0.031239025786266472,-0.019032892385062228
B,Weekly rebalance Top3,weekly,3,base,2026-08-17,2026-08-24,"TUPRS.IS, KCHOL.IS, ASELS.IS","Energy/Refinery, Holdings, Defense/Technology",0.05931300692789391,0.05797967359456058,0.026139101820365385,0.03184057177419519,0.0013333333333333333,0.6666666666666666,2,1.0708935146262184,1.0844383480139235,1.0581946876824282,0.0708935146262184,0.05819468768242819,0.012698826943790209
B,Weekly rebalance Top3,weekly,3,base,2026-08-24,2026-08-31,"TUPRS.IS, KCHOL.IS, SAHOL.IS","Energy/Refinery, Holdings, Holdings",-0.009863130437372117,-0.011196463770705451,-0.01154366035410126,0.00034719658339580836,0.0013333333333333333,0.6666666666666666,2,1.0589032941874226,1.0737423911361739,1.045979247619308,0.05890329418742257,0.04597924761930794,0.012924046568114633
B,Weekly rebalance Top3,weekly,3,base,2026-08-31,2026-09-07,"TUPRS.IS, KCHOL.IS, SAHOL.IS","Energy/Refinery, Holdings, Holdings",0.005488525333584571,0.005488525333584571,-0.012731877479115528,0.0182204028127001,0.0,0.0,0,1.0647151117433864,1.0796356534516685,1.0326619679929214,0.0647151117433864,0.032661967992921426,0.032053143750464974
B,Weekly rebalance Top3,weekly,3,base,2026-09-07,2026-09-14,"KCHOL.IS, TUPRS.IS, SAHOL.IS","Holdings, Energy/Refinery, Holdings",0.03016762018393641,0.03016762018393641,0.005949871225632952,0.024217748958303458,0.0,0.0,0,1.0968350328385583,1.1122056917820344,1.038806173722088,0.09683503283855832,0.038806173722087944,0.05802885911647038
B,Weekly rebalance Top3,weekly,3,base,2026-09-14,2026-09-21,"KCHOL.IS, TUPRS.IS, PETKM.IS","Holdings, Energy/Refinery, Petrochemicals",-0.03878079650292362,-0.04011412983625695,-0.06308740089750897,0.02297327106125202,0.0013333333333333333,0.6666666666666666,2,1.0528364499223173,1.069073469179642,0.9732705921856752,0.052836449922317286,-0.026729407814324757,0.07956585773664204
B,Weekly rebalance Top3,weekly,3,base,2026-09-21,2026-09-28,"BIMAS.IS, KCHOL.IS, TUPRS.IS","Retail, Holdings, Energy/Refinery",-0.030710481217041858,-0.032043814550375194,-0.05584923785337392,0.02380542330299873,0.0013333333333333333,0.6666666666666666,2,1.0190995539691312,1.0362417084847628,0.9189141713870034,0.01909955396913121,-0.08108582861299662,0.10018538258212784
B,Weekly rebalance Top3,weekly,3,base,2026-09-28,2026-10-02,"BIMAS.IS, KCHOL.IS, TUPRS.IS","Retail, Holdings, Energy/Refinery",-0.0244566642409005,-0.0244566642409005,-0.02561778273128079,0.001161118490380291,0.0,0.0,0,0.9941757783496566,1.0108986929479338,0.8953736277957162,-0.005824221650343353,-0.10462637220428384,0.09880215055394048
C,Weekly rebalance Top5,weekly,5,base,2026-06-01,2026-06-08,"EREGL.IS, SISE.IS, BIMAS.IS, TOASO.IS, TCELL.IS","Steel, Glass/Industrial, Retail, Autos, Telecom",0.004853539649892413,0.002853539649892413,0.01142729198591641,-0.008573752336023997,0.002,1.0,5,1.0028535396498923,1.0048535396498923,1.0114272919859164,0.0028535396498923227,0.01142729198591641,-0.008573752336024087
C,Weekly rebalance Top5,weekly,5,base,2026-06-08,2026-06-15,"BIMAS.IS, EREGL.IS, SISE.IS, TCELL.IS, TOASO.IS","Retail, Steel, Glass/Industrial, Telecom, Autos",0.05169201537753967,0.05169201537753967,0.04226374022475743,0.009428275152782238,0.0,0.0,0,1.0546930602428948,1.0567964442736497,1.054173992310639,0.054693060242894775,0.05417399231063902,0.0005190679322557568
C,Weekly rebalance Top5,weekly,5,base,2026-06-15,2026-06-22,"BIMAS.IS, YKBNK.IS, AKBNK.IS, THYAO.IS, SAHOL.IS","Retail, Banks, Banks, Airlines, Holdings",0.023755357097685968,0.020555357097685967,0.0196104079235786,0.0009449491741073679,0.0032,1.6,8,1.0763726527246387,1.081901021186935,1.074846774322278,0.07637265272463867,0.07484677432227804,0.0015258784023606253
C,Weekly rebalance Top5,weekly,5,base,2026-06-22,2026-06-29,"AKBNK.IS, YKBNK.IS, BIMAS.IS, ASELS.IS, TOASO.IS","Banks, Banks, Retail, Defense/Technology, Autos",-0.06295719160680043,-0.06455719160680043,-0.03710190925501089,-0.02745528235178954,0.0016,0.8,4,1.0068850571423742,1.0137875712964761,1.0349679068383317,0.006885057142374196,0.03496790683833173,-0.028082849695957535
C,Weekly rebalance Top5,weekly,5,base,2026-06-29,2026-07-06,"AKBNK.IS, TOASO.IS, BIMAS.IS, YKBNK.IS, GARAN.IS","Banks, Autos, Retail, Banks, Banks",-0.03555885253099313,-0.036358852530993135,0.017013071899474985,-0.05337192443046812,0.0008,0.4,2,0.970275871834074,0.977738448550991,1.0525758902510214,-0.029724128165925956,0.052575890251021384,-0.08230001841694734
C,Weekly rebalance Top5,weekly,5,base,2026-07-06,2026-07-13,"ASELS.IS, THYAO.IS, BIMAS.IS, TOASO.IS, YKBNK.IS","Defense/Technology, Airlines, Retail, Autos, Banks",-0.04848584218650427,-0.05008584218650427,-0.023051058962182402,-0.027034783224321866,0.0016,0.8,4,0.9216787876400198,0.9303319764348701,1.0283129013426735,-0.07832121235998024,0.028312901342673502,-0.10663411370265374
C,Weekly rebalance Top5,weekly,5,base,2026-07-13,2026-07-20,"THYAO.IS, BIMAS.IS, TUPRS.IS, TOASO.IS, KCHOL.IS","Airlines, Retail, Energy/Refinery, Autos, Holdings",0.048560514516321,0.046960514516321,-0.0014902072097644492,0.04845072172608545,0.0016,0.8,4,0.9649612977263741,0.9755093758815332,1.0267805020431988,-0.03503870227362593,0.026780502043198817,-0.06181920431682475
C,Weekly rebalance Top5,weekly,5,base,2026-07-20,2026-07-27,"BIMAS.IS, TUPRS.IS, THYAO.IS, TOASO.IS, KCHOL.IS","Retail, Energy/Refinery, Airlines, Autos, Holdings",-0.04688127014297801,-0.04688127014297801,-0.021050401201940128,-0.02583086894103788,0.0,0.0,0,0.9197226864501452,0.9297762573038231,1.0051663605288599,-0.08027731354985479,0.005166360528859881,-0.08544367407871467
C,Weekly rebalance Top5,weekly,5,base,2026-07-27,2026-08-03,"TUPRS.IS, BIMAS.IS, THYAO.IS, ASELS.IS, EREGL.IS","Energy/Refinery, Retail, Airlines, Defense/Technology, Steel",-0.02933336651405467,-0.03093336651405467,-0.026446831159283368,-0.0044865353547713024,0.0016,0.8,4,0.8912725674988919,0.902502789572264,0.9785828955049618,-0.10872743250110806,-0.021417104495038197,-0.08731032800606986
C,Weekly rebalance Top5,weekly,5,base,2026-08-03,2026-08-10,"TUPRS.IS, BIMAS.IS, THYAO.IS, KCHOL.IS, TCELL.IS","Energy/Refinery, Retail, Airlines, Holdings, Telecom",0.036868717584670516,0.03526871758467052,0.029909370222959586,0.0053593473617109325,0.0016,0.8,4,0.9227066079729744,0.9357769100403811,1.0078516936204756,-0.07729339202702556,0.007851693620475553,-0.08514508564750112
C,Weekly rebalance Top5,weekly,5,base,2026-08-10,2026-08-17,"TUPRS.IS, KCHOL.IS, BIMAS.IS, ASELS.IS, TCELL.IS","Energy/Refinery, Holdings, Retail, Defense/Technology, Telecom",0.031235699344477518,0.03043569934447752,0.02320513257439427,0.007230566770083248,0.0008,0.4,2,0.9507898288764025,0.9650065562559067,1.0312390257862665,-0.04921017112359749,0.031239025786266472,-0.08044919690986396
C,Weekly rebalance Top5,weekly,5,base,2026-08-17,2026-08-24,"TUPRS.IS, KCHOL.IS, ASELS.IS, GARAN.IS, EREGL.IS","Energy/Refinery, Holdings, Defense/Technology, Banks, Steel",0.040883985773987906,0.03928398577398791,0.026139101820365385,0.013144883953622524,0.0016,0.8,4,0.9881406429880355,1.0044598705736782,1.0581946876824282,-0.0118593570119645,0.05819468768242819,-0.07005404469439269
C,Weekly rebalance Top5,weekly,5,base,2026-08-24,2026-08-31,"TUPRS.IS, KCHOL.IS, SAHOL.IS, AKBNK.IS, BIMAS.IS","Energy/Refinery, Holdings, Holdings, Banks, Retail",-0.009886071861048017,-0.012286071861048017,-0.01154366035410126,-0.0007424115069467573,0.0024000000000000002,1.2000000000000002,6,0.9760002760394623,0.9945297081116479,1.045979247619308,-0.023999723960537733,0.04597924761930794,-0.06997897157984567
C,Weekly rebalance Top5,weekly,5,base,2026-08-31,2026-09-07,"TUPRS.IS, KCHOL.IS, SAHOL.IS, EREGL.IS, BIMAS.IS","Energy/Refinery, Holdings, Holdings, Steel, Retail",0.0070859912062725796,0.006285991206272579,-0.012731877479115528,0.019017868685388108,0.0008,0.4,2,0.9821354051919658,1.0015769368777039,1.0326619679929214,-0.01786459480803415,0.032661967992921426,-0.05052656280095558
C,Weekly rebalance Top5,weekly,5,base,2026-09-07,2026-09-14,"KCHOL.IS, TUPRS.IS, SAHOL.IS, BIMAS.IS, EREGL.IS","Holdings, Energy/Refinery, Holdings, Retail, Steel",0.02654096143545992,0.02654096143545992,0.005949871225632952,0.020591090209826968,0.0,0.0,0,1.0082022231055656,1.028159751734021,1.038806173722088,0.00820222310556562,0.038806173722087944,-0.030603950616522324
C,Weekly rebalance Top5,weekly,5,base,2026-09-14,2026-09-21,"KCHOL.IS, TUPRS.IS, PETKM.IS, SISE.IS, EREGL.IS","Holdings, Energy/Refinery, Petrochemicals, Glass/Industrial, Steel",-0.04540762037460082,-0.047007620374600816,-0.06308740089750897,0.016079780522908156,0.0016,0.8,4,0.9608090357409906,0.9814734640428389,0.9732705921856752,-0.039190964259009364,-0.026729407814324757,-0.012461556444684607
C,Weekly rebalance Top5,weekly,5,base,2026-09-21,2026-09-28,"BIMAS.IS, KCHOL.IS, TUPRS.IS, GARAN.IS, SAHOL.IS","Retail, Holdings, Energy/Refinery, Banks, Holdings",-0.03204788372805949,-0.034447883728059486,-0.05584923785337392,0.021401354125314437,0.0024000000000000002,1.2000000000000002,6,0.927711197792916,0.9500193165850183,0.9189141713870034,-0.072288802207084,-0.08108582861299662,0.008797026405912622
C,Weekly rebalance Top5,weekly,5,base,2026-09-28,2026-10-02,"BIMAS.IS, KCHOL.IS, TUPRS.IS, GARAN.IS, TOASO.IS","Retail, Holdings, Energy/Refinery, Banks, Autos",-0.029305996888860975,-0.030105996888860974,-0.02561778273128079,-0.004488214157580182,0.0008,0.4,2,0.899781527358401,0.92217805344882,0.8953736277957162,-0.100218472641599,-0.10462637220428384,0.004407899562684836
D,Relative Strength Top3,weekly,3,relative_strength,2026-06-01,2026-06-08,"EREGL.IS, SISE.IS, TOASO.IS","Steel, Glass/Industrial, Autos",-0.012892491778164095,-0.014892491778164095,0.01142729198591641,-0.026319783764080507,0.002,1.0,3,0.9851075082218359,0.9871075082218359,1.0114272919859164,-0.014892491778164096,0.01142729198591641,-0.026319783764080507
D,Relative Strength Top3,weekly,3,relative_strength,2026-06-08,2026-06-15,"BIMAS.IS, EREGL.IS, GARAN.IS","Retail, Steel, Banks",0.05504282968250562,0.05237616301583896,0.04226374022475743,0.01011242279108153,0.0026666666666666666,1.3333333333333333,4,1.0367036596605899,1.041440698675213,1.054173992310639,0.03670365966058986,0.05417399231063902,-0.01747033265004916
D,Relative Strength Top3,weekly,3,relative_strength,2026-06-15,2026-06-22,"YKBNK.IS, AKBNK.IS, SAHOL.IS","Banks, Banks, Holdings",0.051635897426382416,0.04763589742638241,0.0196104079235786,0.028025489502803813,0.004,2.0,6,1.086087968853737,1.0952164237676663,1.074846774322278,0.08608796885373704,0.07484677432227804,0.011241194531458998
D,Relative Strength Top3,weekly,3,relative_strength,2026-06-22,2026-06-29,"YKBNK.IS, AKBNK.IS, TOASO.IS","Banks, Banks, Autos",-0.06643810368263521,-0.06777143701596855,-0.03710190925501089,-0.03066952776095766,0.0013333333333333333,0.6666666666666666,2,1.0124822264787647,1.022452321450465,1.0349679068383317,0.012482226478764735,0.03496790683833173,-0.022485680359566995
D,Relative Strength Top3,weekly,3,relative_strength,2026-06-29,2026-07-06,"THYAO.IS, AKBNK.IS, EREGL.IS","Airlines, Banks, Steel",0.004850268478970188,0.002183601812303521,0.017013071899474985,-0.014829470087171464,0.0026666666666666666,1.3333333333333333,4,1.014693084503429,1.0274114897164461,1.0525758902510214,0.014693084503428988,0.052575890251021384,-0.037882805747592396
D,Relative Strength Top3,weekly,3,relative_strength,2026-07-06,2026-07-13,"THYAO.IS, ASELS.IS, EREGL.IS","Airlines, Defense/Technology, Steel",-0.059129841197073464,-0.060463174530406796,-0.023051058962182402,-0.037412115568224394,0.0013333333333333333,0.6666666666666666,2,0.9533415194403013,0.966660811485464,1.0283129013426735,-0.04665848055969868,0.028312901342673502,-0.07497138190237218
D,Relative Strength Top3,weekly,3,relative_strength,2026-07-13,2026-07-20,"TUPRS.IS, THYAO.IS, BIMAS.IS","Energy/Refinery, Airlines, Retail",0.06621044423188553,0.06354377756521887,-0.0014902072097644492,0.06503398477498332,0.0026666666666666666,1.3333333333333333,4,1.0139204408953035,1.0306638532354717,1.0267805020431988,0.013920440895303532,0.026780502043198817,-0.012860061147895285
D,Relative Strength Top3,weekly,3,relative_strength,2026-07-20,2026-07-27,"TUPRS.IS, BIMAS.IS, PETKM.IS","Energy/Refinery, Retail, Petrochemicals",-0.06778758708051147,-0.06912092041384481,-0.021050401201940128,-0.04807051921190468,0.0013333333333333333,0.6666666666666666,2,0.9438373267942088,0.9607976375335366,1.0051663605288599,-0.05616267320579116,0.005166360528859881,-0.06132903373465104
D,Relative Strength Top3,weekly,3,relative_strength,2026-07-27,2026-08-03,"TUPRS.IS, BIMAS.IS, EREGL.IS","Energy/Refinery, Retail, Steel",-0.025418164903228308,-0.02675149823656164,-0.026446831159283368,-0.0003046670772782721,0.0013333333333333333,0.6666666666666666,2,0.9185882642108725,0.9363759247440769,0.9785828955049618,-0.08141173578912753,-0.021417104495038197,-0.05999463129408933
D,Relative Strength Top3,weekly,3,relative_strength,2026-08-03,2026-08-10,"TUPRS.IS, KCHOL.IS, BIMAS.IS","Energy/Refinery, Holdings, Retail",0.07361736472749121,0.07228403139415787,0.029909370222959586,0.042374661171198286,0.0013333333333333333,0.6666666666666666,2,0.9849875271393962,1.0053094527180035,1.0078516936204756,-0.01501247286060381,0.007851693620475553,-0.022864166481079362
D,Relative Strength Top3,weekly,3,relative_strength,2026-08-10,2026-08-17,"TUPRS.IS, KCHOL.IS, BIMAS.IS","Energy/Refinery, Holdings, Retail",0.029013569594411964,0.029013569594411964,0.02320513257439427,0.005808437020017692,0.0,0.0,0,1.0135655313076828,1.0344770684883575,1.0312390257862665,0.013565531307682788,0.031239025786266472,-0.017673494478583684
D,Relative Strength Top3,weekly,3,relative_strength,2026-08-17,2026-08-24,"TUPRS.IS, KCHOL.IS, ASELS.IS","Energy/Refinery, Holdings, Defense/Technology",0.05931300692789391,0.05797967359456058,0.026139101820365385,0.03184057177419519,0.0013333333333333333,0.6666666666666666,2,1.0723317299795996,1.095835014018355,1.0581946876824282,0.07233172997959958,0.05819468768242819,0.014137042297171387
D,Relative Strength Top3,weekly,3,relative_strength,2026-08-24,2026-08-31,"TUPRS.IS, KCHOL.IS, AKBNK.IS","Energy/Refinery, Holdings, Banks",-0.007305393943918788,-0.008638727277252121,-0.01154366035410126,0.0029049330768491383,0.0013333333333333333,0.6666666666666666,2,1.0630681486135618,1.0878295075434112,1.045979247619308,0.0630681486135618,0.04597924761930794,0.017088900994253864
D,Relative Strength Top3,weekly,3,relative_strength,2026-08-31,2026-09-07,"TUPRS.IS, KCHOL.IS, AKBNK.IS","Energy/Refinery, Holdings, Banks",0.008015621327838174,0.008015621327838174,-0.012731877479115528,0.0207474988069537,0.0,0.0,0,1.0715893003385342,1.096549136945128,1.0326619679929214,0.07158930033853417,0.032661967992921426,0.03892733234561274
D,Relative Strength Top3,weekly,3,relative_strength,2026-09-07,2026-09-14,"KCHOL.IS, PETKM.IS, BIMAS.IS","Holdings, Petrochemicals, Retail",0.042346399617292065,0.0396797329506254,0.005949871225632952,0.03372986172499245,0.0026666666666666666,1.3333333333333333,4,1.1141096776087147,1.1429840448982032,1.038806173722088,0.11410967760871471,0.038806173722087944,0.07530350388662677
D,Relative Strength Top3,weekly,3,relative_strength,2026-09-14,2026-09-21,"PETKM.IS, SISE.IS, TUPRS.IS","Petrochemicals, Glass/Industrial, Energy/Refinery",-0.05825400184279613,-0.060920668509462796,-0.06308740089750897,0.002166732388046176,0.0026666666666666666,1.3333333333333333,4,1.0462373712559299,1.0764006502404166,0.9732705921856752,0.04623737125592986,-0.026729407814324757,0.07296677907025462
D,Relative Strength Top3,weekly,3,relative_strength,2026-09-21,2026-09-28,"BIMAS.IS, TUPRS.IS, KCHOL.IS","Retail, Energy/Refinery, Holdings",-0.030710481217041858,-0.033377147883708526,-0.05584923785337392,0.022472089969665397,0.0026666666666666666,1.3333333333333333,4,1.0113169517940583,1.0433438682891967,0.9189141713870034,0.011316951794058339,-0.08108582861299662,0.09240278040705496
D,Relative Strength Top3,weekly,3,relative_strength,2026-09-28,2026-10-02,"BIMAS.IS, KCHOL.IS, TOASO.IS","Retail, Holdings, Autos",-0.03698857305795896,-0.03832190639129229,-0.02561778273128079,-0.012704123660011502,0.0013333333333333333,0.6666666666666666,2,0.9725613582354794,1.0047520673924082,0.8953736277957162,-0.0274386417645206,-0.10462637220428384,0.07718773043976324
E,Benchmark-aware Top3,weekly,3,benchmark_aware,2026-06-01,2026-06-08,"EREGL.IS, SISE.IS, TOASO.IS","Steel, Glass/Industrial, Autos",-0.012892491778164095,-0.014892491778164095,0.01142729198591641,-0.026319783764080507,0.002,1.0,3,0.9851075082218359,0.9871075082218359,1.0114272919859164,-0.014892491778164096,0.01142729198591641,-0.026319783764080507
E,Benchmark-aware Top3,weekly,3,benchmark_aware,2026-06-08,2026-06-15,"BIMAS.IS, EREGL.IS, GARAN.IS","Retail, Steel, Banks",0.05504282968250562,0.05237616301583896,0.04226374022475743,0.01011242279108153,0.0026666666666666666,1.3333333333333333,4,1.0367036596605899,1.041440698675213,1.054173992310639,0.03670365966058986,0.05417399231063902,-0.01747033265004916
E,Benchmark-aware Top3,weekly,3,benchmark_aware,2026-06-15,2026-06-22,"YKBNK.IS, AKBNK.IS, SAHOL.IS","Banks, Banks, Holdings",0.051635897426382416,0.04763589742638241,0.0196104079235786,0.028025489502803813,0.004,2.0,6,1.086087968853737,1.0952164237676663,1.074846774322278,0.08608796885373704,0.07484677432227804,0.011241194531458998
E,Benchmark-aware Top3,weekly,3,benchmark_aware,2026-06-22,2026-06-29,"YKBNK.IS, AKBNK.IS, TOASO.IS","Banks, Banks, Autos",-0.06643810368263521,-0.06777143701596855,-0.03710190925501089,-0.03066952776095766,0.0013333333333333333,0.6666666666666666,2,1.0124822264787647,1.022452321450465,1.0349679068383317,0.012482226478764735,0.03496790683833173,-0.022485680359566995
E,Benchmark-aware Top3,weekly,3,benchmark_aware,2026-06-29,2026-07-06,"THYAO.IS, AKBNK.IS, EREGL.IS","Airlines, Banks, Steel",0.004850268478970188,0.002183601812303521,0.017013071899474985,-0.014829470087171464,0.0026666666666666666,1.3333333333333333,4,1.014693084503429,1.0274114897164461,1.0525758902510214,0.014693084503428988,0.052575890251021384,-0.037882805747592396
E,Benchmark-aware Top3,weekly,3,benchmark_aware,2026-07-06,2026-07-13,"THYAO.IS, ASELS.IS, EREGL.IS","Airlines, Defense/Technology, Steel",-0.059129841197073464,-0.060463174530406796,-0.023051058962182402,-0.037412115568224394,0.0013333333333333333,0.6666666666666666,2,0.9533415194403013,0.966660811485464,1.0283129013426735,-0.04665848055969868,0.028312901342673502,-0.07497138190237218
E,Benchmark-aware Top3,weekly,3,benchmark_aware,2026-07-13,2026-07-20,"TUPRS.IS, THYAO.IS, BIMAS.IS","Energy/Refinery, Airlines, Retail",0.06621044423188553,0.06354377756521887,-0.0014902072097644492,0.06503398477498332,0.0026666666666666666,1.3333333333333333,4,1.0139204408953035,1.0306638532354717,1.0267805020431988,0.013920440895303532,0.026780502043198817,-0.012860061147895285
E,Benchmark-aware Top3,weekly,3,benchmark_aware,2026-07-20,2026-07-27,"TUPRS.IS, BIMAS.IS, PETKM.IS","Energy/Refinery, Retail, Petrochemicals",-0.06778758708051147,-0.06912092041384481,-0.021050401201940128,-0.04807051921190468,0.0013333333333333333,0.6666666666666666,2,0.9438373267942088,0.9607976375335366,1.0051663605288599,-0.05616267320579116,0.005166360528859881,-0.06132903373465104
E,Benchmark-aware Top3,weekly,3,benchmark_aware,2026-07-27,2026-08-03,"TUPRS.IS, BIMAS.IS, EREGL.IS","Energy/Refinery, Retail, Steel",-0.025418164903228308,-0.02675149823656164,-0.026446831159283368,-0.0003046670772782721,0.0013333333333333333,0.6666666666666666,2,0.9185882642108725,0.9363759247440769,0.9785828955049618,-0.08141173578912753,-0.021417104495038197,-0.05999463129408933
E,Benchmark-aware Top3,weekly,3,benchmark_aware,2026-08-03,2026-08-10,"TUPRS.IS, KCHOL.IS, BIMAS.IS","Energy/Refinery, Holdings, Retail",0.07361736472749121,0.07228403139415787,0.029909370222959586,0.042374661171198286,0.0013333333333333333,0.6666666666666666,2,0.9849875271393962,1.0053094527180035,1.0078516936204756,-0.01501247286060381,0.007851693620475553,-0.022864166481079362
E,Benchmark-aware Top3,weekly,3,benchmark_aware,2026-08-10,2026-08-17,"TUPRS.IS, KCHOL.IS, BIMAS.IS","Energy/Refinery, Holdings, Retail",0.029013569594411964,0.029013569594411964,0.02320513257439427,0.005808437020017692,0.0,0.0,0,1.0135655313076828,1.0344770684883575,1.0312390257862665,0.013565531307682788,0.031239025786266472,-0.017673494478583684
E,Benchmark-aware Top3,weekly,3,benchmark_aware,2026-08-17,2026-08-24,"TUPRS.IS, KCHOL.IS, ASELS.IS","Energy/Refinery, Holdings, Defense/Technology",0.05931300692789391,0.05797967359456058,0.026139101820365385,0.03184057177419519,0.0013333333333333333,0.6666666666666666,2,1.0723317299795996,1.095835014018355,1.0581946876824282,0.07233172997959958,0.05819468768242819,0.014137042297171387
E,Benchmark-aware Top3,weekly,3,benchmark_aware,2026-08-24,2026-08-31,"TUPRS.IS, KCHOL.IS, AKBNK.IS","Energy/Refinery, Holdings, Banks",-0.007305393943918788,-0.008638727277252121,-0.01154366035410126,0.0029049330768491383,0.0013333333333333333,0.6666666666666666,2,1.0630681486135618,1.0878295075434112,1.045979247619308,0.0630681486135618,0.04597924761930794,0.017088900994253864
E,Benchmark-aware Top3,weekly,3,benchmark_aware,2026-08-31,2026-09-07,"TUPRS.IS, KCHOL.IS, SAHOL.IS","Energy/Refinery, Holdings, Holdings",0.005488525333584571,0.004155192000251238,-0.012731877479115528,0.016887069479366766,0.0013333333333333333,0.6666666666666666,2,1.0674854008804027,1.093800087354184,1.0326619679929214,0.06748540088040267,0.032661967992921426,0.03482343288748124
E,Benchmark-aware Top3,weekly,3,benchmark_aware,2026-09-07,2026-09-14,"KCHOL.IS, PETKM.IS, TUPRS.IS","Holdings, Petrochemicals, Energy/Refinery",0.05115434397061339,0.04982101063728006,0.005949871225632952,0.04387113941164711,0.0013333333333333333,0.6666666666666666,2,1.1206686023928063,1.149752713257787,1.038806173722088,0.1206686023928063,0.038806173722087944,0.08186242867071836
E,Benchmark-aware Top3,weekly,3,benchmark_aware,2026-09-14,2026-09-21,"PETKM.IS, SISE.IS, TUPRS.IS","Petrochemicals, Glass/Industrial, Energy/Refinery",-0.05825400184279613,-0.05958733517612946,-0.06308740089750897,0.0035000657213795083,0.0013333333333333333,0.6666666666666666,2,1.0538909467606616,1.082775016580908,0.9732705921856752,0.05389094676066164,-0.026729407814324757,0.0806203545749864
E,Benchmark-aware Top3,weekly,3,benchmark_aware,2026-09-21,2026-09-28,"BIMAS.IS, TUPRS.IS, KCHOL.IS","Retail, Energy/Refinery, Holdings",-0.030710481217041858,-0.033377147883708526,-0.05584923785337392,0.022472089969665397,0.0026666666666666666,1.3333333333333333,4,1.0187150727773295,1.0495224747719178,0.9189141713870034,0.018715072777329533,-0.08108582861299662,0.09980090139032616
E,Benchmark-aware Top3,weekly,3,benchmark_aware,2026-09-28,2026-10-02,"BIMAS.IS, KCHOL.IS, TOASO.IS","Retail, Holdings, Autos",-0.03698857305795896,-0.03832190639129229,-0.02561778273128079,-0.012704123660011502,0.0013333333333333333,0.6666666666666666,2,0.9796759691189582,1.0107021360378468,0.8953736277957162,-0.020324030881041844,-0.10462637220428384,0.08430234132324199
F,Leadership Rotation Overlay,weekly,3,leadership_overlay,2026-06-01,2026-06-08,"EREGL.IS, SISE.IS, BIMAS.IS","Steel, Glass/Industrial, Retail",-0.0018746886765467579,-0.003874688676546758,0.01142729198591641,-0.015301980662463167,0.002,1.0,3,0.9961253113234533,0.9981253113234533,1.0114272919859164,-0.0038746886765467226,0.01142729198591641,-0.015301980662463133
F,Leadership Rotation Overlay,weekly,3,leadership_overlay,2026-06-08,2026-06-15,"BIMAS.IS, EREGL.IS, GARAN.IS","Retail, Steel, Banks",0.05504282968250562,0.05370949634917229,0.04226374022475743,0.011445756124414862,0.0013333333333333333,0.6666666666666666,2,1.0496267000952983,1.053064952836428,1.054173992310639,0.04962670009529835,0.05417399231063902,-0.00454729221534067
F,Leadership Rotation Overlay,weekly,3,leadership_overlay,2026-06-15,2026-06-22,"YKBNK.IS, AKBNK.IS, SAHOL.IS","Banks, Banks, Holdings",0.051635897426382416,0.04763589742638241,0.0196104079235786,0.028025489502803813,0.004,2.0,6,1.0996266099170302,1.107440906724408,1.074846774322278,0.0996266099170302,0.07484677432227804,0.024779835594752164
F,Leadership Rotation Overlay,weekly,3,leadership_overlay,2026-06-22,2026-06-29,"YKBNK.IS, AKBNK.IS, GARAN.IS","Banks, Banks, Banks",-0.06294673205605934,-0.06428006538939268,-0.03710190925501089,-0.027178156134381792,0.0013333333333333333,0.6666666666666666,2,1.0289425395276472,1.0377311207009072,1.0349679068383317,0.02894253952764725,0.03496790683833173,-0.006025367310684482
F,Leadership Rotation Overlay,weekly,3,leadership_overlay,2026-06-29,2026-07-06,"AKBNK.IS, THYAO.IS, YKBNK.IS","Banks, Airlines, Banks",-0.019528501440496004,-0.020861834773829337,0.017013071899474985,-0.03787490667330432,0.0013333333333333333,0.6666666666666666,2,1.007476910276257,1.017465787015452,1.0525758902510214,0.007476910276257076,0.052575890251021384,-0.04509897997476431
F,Leadership Rotation Overlay,weekly,3,leadership_overlay,2026-07-06,2026-07-13,"ASELS.IS, THYAO.IS, BIMAS.IS","Defense/Technology, Airlines, Retail",-0.05091117235328194,-0.05357783901994861,-0.023051058962182402,-0.030526780057766205,0.0026666666666666666,1.3333333333333333,4,0.9534984745611605,0.9656654109691407,1.0283129013426735,-0.04650152543883945,0.028312901342673502,-0.07481442678151295
F,Leadership Rotation Overlay,weekly,3,leadership_overlay,2026-07-13,2026-07-20,"TUPRS.IS, BIMAS.IS, THYAO.IS","Energy/Refinery, Retail, Airlines",0.06621044423188553,0.06487711089855219,-0.0014902072097644492,0.06636731810831664,0.0013333333333333333,0.6666666666666666,2,1.0153587008368654,1.029602546808774,1.0267805020431988,0.015358700836865413,0.026780502043198817,-0.011421801206333404
F,Leadership Rotation Overlay,weekly,3,leadership_overlay,2026-07-20,2026-07-27,"TUPRS.IS, BIMAS.IS, EREGL.IS","Energy/Refinery, Retail, Steel",-0.033088873484387195,-0.03442220681772053,-0.021050401201940128,-0.0133718056157804,0.0013333333333333333,0.6666666666666666,2,0.9804078136424867,0.9955341583982156,1.0051663605288599,-0.019592186357513253,0.005166360528859881,-0.024758546886373134
F,Leadership Rotation Overlay,weekly,3,leadership_overlay,2026-07-27,2026-08-03,"TUPRS.IS, BIMAS.IS, EREGL.IS","Energy/Refinery, Retail, Steel",-0.025418164903228308,-0.025418164903228308,-0.026446831159283368,0.00102866625605506,0.0,0.0,0,0.9554876461629085,0.970229506993253,0.9785828955049618,-0.04451235383709151,-0.021417104495038197,-0.023095249342053314
F,Leadership Rotation Overlay,weekly,3,leadership_overlay,2026-08-03,2026-08-10,"TUPRS.IS, KCHOL.IS, BIMAS.IS","Energy/Refinery, Holdings, Retail",0.07361736472749121,0.07228403139415787,0.029909370222959586,0.042374661171198286,0.0013333333333333333,0.6666666666666666,2,1.0245541451748783,1.0416552464789492,1.0078516936204756,0.024554145174878306,0.007851693620475553,0.016702451554402753
F,Leadership Rotation Overlay,weekly,3,leadership_overlay,2026-08-10,2026-08-17,"TUPRS.IS, KCHOL.IS, BIMAS.IS","Energy/Refinery, Holdings, Retail",0.029013569594411964,0.029013569594411964,0.02320513257439427,0.005808437020017692,0.0,0.0,0,1.054280118169153,1.0718773834660507,1.0312390257862665,0.05428011816915301,0.031239025786266472,0.02304109238288654
F,Leadership Rotation Overlay,weekly,3,leadership_overlay,2026-08-17,2026-08-24,"TUPRS.IS, KCHOL.IS, ASELS.IS","Energy/Refinery, Holdings, Defense/Technology",0.05931300692789391,0.05797967359456058,0.026139101820365385,0.03184057177419519,0.0013333333333333333,0.6666666666666666,2,1.1154069352978353,1.1354536541374254,1.0581946876824282,0.1154069352978353,0.05819468768242819,0.05721224761540711
F,Leadership Rotation Overlay,weekly,3,leadership_overlay,2026-08-24,2026-08-31,"TUPRS.IS, KCHOL.IS, SAHOL.IS","Energy/Refinery, Holdings, Holdings",-0.009863130437372117,-0.011196463770705451,-0.01154366035410126,0.00034719658339580836,0.0013333333333333333,0.6666666666666666,2,1.1029183219571794,1.1242545266410773,1.045979247619308,0.10291832195717943,0.04597924761930794,0.05693907433787149
F,Leadership Rotation Overlay,weekly,3,leadership_overlay,2026-08-31,2026-09-07,"TUPRS.IS, KCHOL.IS, SAHOL.IS","Energy/Refinery, Holdings, Holdings",0.005488525333584571,0.005488525333584571,-0.012731877479115528,0.0182204028127001,0.0,0.0,0,1.108971717108116,1.130425026091944,1.0326619679929214,0.10897171710811593,0.032661967992921426,0.0763097491151945
F,Leadership Rotation Overlay,weekly,3,leadership_overlay,2026-09-07,2026-09-14,"TUPRS.IS, KCHOL.IS, BIMAS.IS","Energy/Refinery, Holdings, Retail",0.036347870784145885,0.03501453745081255,0.005949871225632952,0.0290646662251796,0.0013333333333333333,0.6666666666666666,2,1.14780184882869,1.1715135688714986,1.038806173722088,0.14780184882869007,0.038806173722087944,0.10899567510660213
F,Leadership Rotation Overlay,weekly,3,leadership_overlay,2026-09-14,2026-09-21,"PETKM.IS, SISE.IS, TUPRS.IS","Petrochemicals, Glass/Industrial, Energy/Refinery",-0.05825400184279613,-0.060920668509462796,-0.06308740089750897,0.002166732388046176,0.0026666666666666666,1.3333333333333333,4,1.077876992881649,1.1032682152715976,0.9732705921856752,0.07787699288164895,-0.026729407814324757,0.10460640069597371
F,Leadership Rotation Overlay,weekly,3,leadership_overlay,2026-09-21,2026-09-28,"BIMAS.IS, TUPRS.IS, KCHOL.IS","Retail, Energy/Refinery, Holdings",-0.030710481217041858,-0.033377147883708526,-0.05584923785337392,0.022472089969665397,0.0026666666666666666,1.3333333333333333,4,1.0419005330897912,1.0693863174691398,0.9189141713870034,0.04190053308979125,-0.08108582861299662,0.12298636170278787
F,Leadership Rotation Overlay,weekly,3,leadership_overlay,2026-09-28,2026-10-02,"BIMAS.IS, TCELL.IS, GARAN.IS","Retail, Telecom, Banks",-0.024904960751205924,-0.027571627417872592,-0.02561778273128079,-0.0019538446865918005,0.0026666666666666666,1.3333333333333333,4,1.0131736397849567,1.0427532932046941,0.8953736277957162,0.01317363978495667,-0.10462637220428384,0.1178000119892405
