symbol,entry_date,entry_price,quantity,entry_value,exit_date,exit_price,exit_value,realized_pnl,return_pct,holding_days,status,reason
PGSUS.IS,2026-06-01,168.39999389648438,59.38242495511614,10000.0,2026-07-10,170.1999969482422,10106.888546139988,106.88854613998774,0.0106888546139989,39,CLOSED,INITIAL_RECOMMENDED
YKBNK.IS,2026-06-01,33.41999816894531,299.2220391350065,10000.0,2026-06-01,33.41999816894531,10000.0,0.0,0.0,0,CLOSED,INITIAL_RECOMMENDED
AKBNK.IS,2026-06-01,63.70000076293945,156.98586939135458,10000.0,2026-06-01,63.70000076293945,10000.0,0.0,0.0,0,CLOSED,INITIAL_RECOMMENDED
SAHOL.IS,2026-06-01,89.0,112.35955056179776,10000.0,2026-06-01,89.0,10000.0,0.0,0.0,0,CLOSED,INITIAL_RECOMMENDED
TUPRS.IS,2026-06-01,244.8999938964844,40.832994076050696,10000.0,2026-07-03,248.1999969482422,10134.749005063371,134.74900506337326,0.0134749005063374,32,CLOSED,INITIAL_RECOMMENDED
GARAN.IS,2026-06-01,123.0999984741211,81.2347694878507,10000.0,2026-07-17,126.8000030517578,10300.569018968312,300.56901896831187,0.030056901896831,46,CLOSED,INITIAL_RECOMMENDED
THYAO.IS,2026-06-01,291.5,34.305317324185246,10000.0,2026-06-01,291.5,10000.0,0.0,0.0,0,CLOSED,INITIAL_RECOMMENDED
KCHOL.IS,2026-06-01,186.0,53.763440860215056,10000.0,2026-06-01,186.0,10000.0,0.0,0.0,0,CLOSED,INITIAL_RECOMMENDED
ARCLK.IS,2026-06-01,104.0,96.15384615384616,10000.0,2026-06-25,100.0999984741211,9624.999853280877,-375.000146719125,-0.0375000146719125,24,CLOSED,INITIAL_RECOMMENDED
FROTO.IS,2026-06-01,85.19999694824219,117.37089622285856,10000.0,2026-07-07,83.0,9741.78438649726,-258.21561350273987,-0.0258215613502739,36,CLOSED,INITIAL_RECOMMENDED
PETKM.IS,2026-06-01,23.059999465942383,867.3027087246148,20000.0,2026-06-01,23.059999465942383,20000.0,0.0,0.0,0,CLOSED,BUY_SIGNAL
SISE.IS,2026-06-01,45.5,659.3406593406594,30000.000000000004,,,,0.0,0.0,0,OPEN,BUY_SIGNAL
BIMAS.IS,2026-06-01,371.25,80.8080808080808,30000.0,2026-07-02,357.5,28888.888888888887,-1111.1111111111131,-0.037037037037037,31,CLOSED,BUY_SIGNAL
TOASO.IS,2026-06-01,296.0,101.35135135135135,30000.0,2026-06-22,331.75,33623.31081081081,3623.3108108108136,0.1207770270270269,21,CLOSED,BUY_SIGNAL
ASELS.IS,2026-06-01,384.0,78.125,30000.0,2026-07-02,384.75,30058.59375,58.59375,0.001953125,31,CLOSED,BUY_SIGNAL
YKBNK.IS,2026-06-22,43.84000015258789,16222.804922328163,711207.7702702703,2026-07-06,37.459999084472656,607706.2575379915,-103501.5127322788,-0.1455292209377107,14,CLOSED,BUY_SIGNAL
SAHOL.IS,2026-06-22,101.5,7006.973106111037,711207.7702702703,2026-07-03,94.5,662158.9585274929,-49048.81174277736,-0.0689655172413793,11,CLOSED,BUY_SIGNAL
EREGL.IS,2026-06-22,40.34000015258789,17630.336330691483,711207.7702702703,2026-07-13,40.86000061035156,720375.5532327574,9167.78296248708,0.012890442632542,21,CLOSED,BUY_SIGNAL
TOASO.IS,2026-06-24,341.0,98.60208448918128,33623.31081081081,2026-07-01,305.0,30073.63576920029,-3549.675041610524,-0.1055718475073314,7,CLOSED,BUY_SIGNAL
THYAO.IS,2026-07-02,333.25,98.67078595785952,32882.039420456684,2026-07-09,338.25,33375.393350245984,493.3539297893003,0.0150037509377345,7,CLOSED,BUY_SIGNAL
TOASO.IS,2026-07-02,306.25,107.36992463822592,32882.039420456684,2026-07-22,297.5,31942.55257987221,-939.4868405844718,-0.0285714285714285,20,CLOSED,BUY_SIGNAL
KCHOL.IS,2026-07-02,193.6999969482422,169.75756292470652,32882.039420456684,2026-07-03,189.6000061035156,32186.03496664229,-696.0044538143884,-0.0211667057786382,1,CLOSED,BUY_SIGNAL
ASELS.IS,2026-07-03,399.5,1763.403610761448,704479.7424991985,,,,0.0,0.0,0,OPEN,BUY_SIGNAL
BIMAS.IS,2026-07-06,371.0,7334.623948882984,2721145.485035587,2026-07-16,396.25,2906344.7397448826,185199.25470929543,0.0680592991913746,10,CLOSED,BUY_SIGNAL
YKBNK.IS,2026-07-07,37.59999847412109,259.0900207935441,9741.784386497262,2026-07-08,36.220001220703125,9384.240869414163,-357.54351708309696,-0.0367020561016184,1,CLOSED,BUY_SIGNAL
AKBNK.IS,2026-07-08,70.6500015258789,132.8271856579754,9384.240869414163,2026-07-10,68.75,9131.86901398581,-252.37185542835323,-0.0268931561902788,2,CLOSED,BUY_SIGNAL
TUPRS.IS,2026-07-10,267.0,223.529845713228,59682.46880543188,2026-07-13,268.25,59961.88111257341,279.4123071415306,0.0046816479400748,3,CLOSED,BUY_SIGNAL
YKBNK.IS,2026-07-10,35.13999938964844,1698.419745078686,59682.46880543188,2026-08-06,34.040000915527344,57814.20967742819,-1868.259128003694,-0.0313033151174479,27,CLOSED,BUY_SIGNAL
THYAO.IS,2026-07-13,333.5,2339.84238184507,780337.4343453309,2026-08-05,314.0,734710.507899352,-45626.92644597893,-0.0584707646176911,23,CLOSED,BUY_SIGNAL
KCHOL.IS,2026-07-16,197.0,14753.01898347656,2906344.7397448826,,,,0.0,0.0,0,OPEN,BUY_SIGNAL
BIMAS.IS,2026-07-21,393.0,14816.768571269042,5822990.0485087335,2026-07-22,399.75,5923003.2363648,100013.18785606604,0.0171755725190838,1,CLOSED,BUY_SIGNAL
BIMAS.IS,2026-07-23,390.5,7624.770536420835,2977472.894472336,,,,0.0,0.0,0,OPEN,BUY_SIGNAL
TOASO.IS,2026-07-23,286.25,10401.65203309113,2977472.894472336,2026-07-28,264.25,2748636.549744332,-228836.34472800465,-0.0768558951965066,5,CLOSED,BUY_SIGNAL
SAHOL.IS,2026-07-28,87.3499984741211,31466.933002393365,2748636.549744332,2026-07-29,84.80000305175781,2668396.014632416,-80240.53511191579,-0.0291928502221869,1,CLOSED,BUY_SIGNAL
TUPRS.IS,2026-07-29,297.75,4480.933693757205,1334198.0073162075,2026-08-04,290.25,1300591.0046130288,-33607.002703178674,-0.0251889168765743,6,CLOSED,BUY_SIGNAL
TOASO.IS,2026-07-29,271.75,4909.652280832412,1334198.0073162075,2026-08-04,272.5,1337880.2465268322,3682.2392106247135,0.0027598896044158,6,CLOSED,BUY_SIGNAL
EREGL.IS,2026-08-03,40.70000076293945,1.1441309055988039e-11,4.656612873077393e-10,2026-08-04,41.7400016784668,4.77560259200798e-10,1.1898971893058866e-11,0.0255528475683555,1,CLOSED,BUY_SIGNAL
TUPRS.IS,2026-08-05,303.75,11105.125132639385,3373181.759039213,,,,0.0,0.0,0,OPEN,BUY_SIGNAL
GARAN.IS,2026-08-06,127.8000030517578,452.3803466108993,57814.20967742819,,,,0.0,0.0,0,OPEN,BUY_SIGNAL
EREGL.IS,2026-08-07,38.68000030517578,1494.679659288732,57814.20967742818,,,,0.0,0.0,0,OPEN,BUY_SIGNAL
SAHOL.IS,2026-08-07,88.05000305175781,656.6065607453037,57814.20967742819,2026-08-10,88.5,58109.68062595937,295.47094853118324,0.0051106977018235,3,CLOSED,BUY_SIGNAL
YKBNK.IS,2026-08-11,34.060001373291016,853.0487123163699,29054.840312979693,,,,0.0,0.0,0,OPEN,BUY_SIGNAL
SAHOL.IS,2026-08-11,87.5999984741211,331.67626505796244,29054.840312979693,,,,0.0,0.0,0,OPEN,BUY_SIGNAL
