model,period,portfolio_size,transaction_cost,selection_score,strategy_total_return,bist100_total_return,excess_return_over_benchmark,strategy_max_drawdown,bist100_max_drawdown,win_rate
low_volatility,out_of_sample,3,0.002,-0.14703240082082836,0.5286801544492843,0.4563730558037833,0.072307098645501,-0.24603338609680103,-0.17278048838539306,0.5454545454545454
low_volatility,out_of_sample,5,0.002,-0.306637239133668,0.34189578321648084,0.4563730558037833,-0.11447727258730245,-0.22486786206106157,-0.17278048838539306,0.5151515151515151
low_volatility,out_of_sample,10,0.002,-0.2332456778317915,0.3240483183907681,0.4563730558037833,-0.1323247374130152,-0.17924834899726694,-0.17278048838539306,0.5151515151515151
low_volatility,out_of_sample,15,0.002,0.08982946854682489,0.570984775829533,0.4563730558037833,0.11461172002574971,-0.15633051967885636,-0.17278048838539306,0.5757575757575758
low_volatility,train,3,0.002,0.8389715824199236,1.9217731367613888,1.075422626952499,0.8463505098088899,-0.16648016136890176,-0.24757740982109966,0.6511627906976745
low_volatility,train,5,0.002,0.35963301516129353,1.5795167360469065,1.075422626952499,0.5040941090944075,-0.22339333766423142,-0.24757740982109966,0.6046511627906976
low_volatility,train,10,0.002,0.42241760252231825,1.6584550389815305,1.075422626952499,0.5830324120290316,-0.225656241962659,-0.24757740982109966,0.5813953488372093
low_volatility,train,15,0.002,0.4410180598073973,1.6938856876628603,1.075422626952499,0.6184630607103614,-0.24569924463752857,-0.24757740982109966,0.627906976744186
low_volatility,validation,3,0.002,1.0331478625734283,4.1538507967654414,3.2415637612067236,0.9122870355587178,-0.1062362531593114,-0.1617839465479347,0.6666666666666666
low_volatility,validation,5,0.002,1.2398129675830734,4.350315501785249,3.2415637612067236,1.1087517405785254,-0.11155271983105941,-0.1617839465479347,0.7083333333333334
low_volatility,validation,10,0.002,0.7253359833953779,3.8428299698786708,3.2415637612067236,0.6012662086719471,-0.10463177930495127,-0.1617839465479347,0.6666666666666666
low_volatility,validation,15,0.002,0.4799046255968467,3.5934103878578227,3.2415637612067236,0.3518466266510991,-0.10263766719379286,-0.1617839465479347,0.6666666666666666
mixed_model,out_of_sample,3,0.002,-0.11109356128221676,0.43210485599887694,0.4563730558037833,-0.024268199804906354,-0.18735207467804915,-0.17278048838539306,0.5757575757575758
mixed_model,out_of_sample,5,0.002,-0.237720494265792,0.34988749661301854,0.4563730558037833,-0.10648555919076474,-0.19440534632539241,-0.17278048838539306,0.5151515151515151
mixed_model,out_of_sample,10,0.002,-0.134110620320393,0.4588874906790281,0.4563730558037833,0.002514434875244831,-0.1971004063856977,-0.17278048838539306,0.5151515151515151
mixed_model,out_of_sample,15,0.002,0.14066683720630074,0.6229047945561026,0.4563730558037833,0.1665317387523193,-0.1644476022881608,-0.17278048838539306,0.6060606060606061
mixed_model,train,3,0.002,-0.4008586747855637,1.0516664788929542,1.075422626952499,-0.023756148059544735,-0.345528007549056,-0.24757740982109966,0.627906976744186
mixed_model,train,5,0.002,1.0559192921685199,2.2845252336808226,1.075422626952499,1.2091026067283237,-0.24519630844269258,-0.24757740982109966,0.6744186046511628
mixed_model,train,10,0.002,0.5187425126246094,1.7598797389711964,1.075422626952499,0.6844571120186975,-0.2456479973714627,-0.24757740982109966,0.6511627906976745
mixed_model,train,15,0.002,0.2567217411855066,1.542564911997577,1.075422626952499,0.46714228504507815,-0.2563730626274602,-0.24757740982109966,0.6046511627906976
mixed_model,validation,3,0.002,1.3915859201468566,4.533459006121128,3.2415637612067236,1.2918952449144046,-0.11682132905044063,-0.1617839465479347,0.6666666666666666
mixed_model,validation,5,0.002,1.65469527863122,4.795449931684561,3.2415637612067236,1.5538861704778375,-0.1058454459233088,-0.1617839465479347,0.625
mixed_model,validation,10,0.002,0.7017637309290026,3.856381241681066,3.2415637612067236,0.6148174804743425,-0.12319354143933658,-0.1617839465479347,0.6666666666666666
mixed_model,validation,15,0.002,0.41288834660988943,3.533403960835276,3.2415637612067236,0.29184019962855245,-0.10614259317599817,-0.1617839465479347,0.6666666666666666
momentum_heavy,out_of_sample,3,0.002,0.22649125076864635,0.7119079794498329,0.4563730558037833,0.25553492364604957,-0.16603698795385313,-0.17278048838539306,0.6060606060606061
momentum_heavy,out_of_sample,5,0.002,-0.2479658568806582,0.33840003111126915,0.4563730558037833,-0.11797302469251414,-0.20136005245770838,-0.17278048838539306,0.5454545454545454
momentum_heavy,out_of_sample,10,0.002,-0.18342459291223068,0.4286684665945606,0.4563730558037833,-0.027704589209222696,-0.20664788063938277,-0.17278048838539306,0.5151515151515151
momentum_heavy,out_of_sample,15,0.002,0.1291578598401238,0.6184945837406124,0.4563730558037833,0.1621215279368291,-0.16799698556350418,-0.17278048838539306,0.6060606060606061
momentum_heavy,train,3,0.002,-0.289984207722804,1.1358879809572184,1.075422626952499,0.06046535400471953,-0.33801547853818037,-0.24757740982109966,0.6511627906976745
momentum_heavy,train,5,0.002,0.7222993136544632,1.9625331621435098,1.075422626952499,0.8871105351910109,-0.24519630844269247,-0.24757740982109966,0.6511627906976745
momentum_heavy,train,10,0.002,0.4232941926567809,1.653991886043534,1.075422626952499,0.5785692590910352,-0.24042823089154575,-0.24757740982109966,0.6511627906976745
momentum_heavy,train,15,0.002,0.34050174399225697,1.6263449148043274,1.075422626952499,0.5509222878518285,-0.2563730626274602,-0.24757740982109966,0.6046511627906976
momentum_heavy,validation,3,0.002,1.618092159604834,4.780798578912439,3.2415637612067236,1.5392348177057151,-0.11682132905044051,-0.1617839465479347,0.625
momentum_heavy,validation,5,0.002,0.7202717995574692,3.9578010579608103,3.2415637612067236,0.7162372967540866,-0.1542327485983087,-0.1617839465479347,0.625
momentum_heavy,validation,10,0.002,0.7242695162456012,3.9004497688407147,3.2415637612067236,0.6588860076339911,-0.13397491236086156,-0.1617839465479347,0.6666666666666666
momentum_heavy,validation,15,0.002,0.590888037168861,3.7114036513942477,3.2415637612067236,0.46983989018752403,-0.10614259317599817,-0.1617839465479347,0.6666666666666666
trend_following,out_of_sample,3,0.002,0.05777109440553413,0.5645155404452575,0.4563730558037833,0.10814248464147425,-0.17670084663312158,-0.17278048838539306,0.6060606060606061
trend_following,out_of_sample,5,0.002,-0.203342162779526,0.3691143129477692,0.4563730558037833,-0.0872587428560141,-0.1944053463253923,-0.17278048838539306,0.5454545454545454
trend_following,out_of_sample,10,0.002,-0.2596267027665571,0.38332702517065353,0.4563730558037833,-0.07304603063312975,-0.22207821485459245,-0.17278048838539306,0.5151515151515151
trend_following,out_of_sample,15,0.002,0.09310429663158964,0.5957623669674781,0.4563730558037833,0.1393893111636948,-0.1746576587812041,-0.17278048838539306,0.6060606060606061
trend_following,train,3,0.002,-0.11463044202686701,1.3262668046749067,1.075422626952499,0.25084417772240775,-0.345528007549056,-0.24757740982109966,0.6511627906976745
trend_following,train,5,0.002,0.9997202304208057,2.216698264956364,1.075422626952499,1.1412756380038651,-0.24519630844269247,-0.24757740982109966,0.6976744186046512
trend_following,train,10,0.002,0.5607201238700567,1.7823397871201831,1.075422626952499,0.7069171601676842,-0.2358892158232324,-0.24757740982109966,0.6511627906976745
trend_following,train,15,0.002,0.3348506477708132,1.6206938185828834,1.075422626952499,0.5452711916303845,-0.25637306262746007,-0.24757740982109966,0.6046511627906976
trend_following,validation,3,0.002,2.2100307440095395,5.372737163317145,3.2415637612067236,2.131173402110421,-0.11682132905044074,-0.1617839465479347,0.625
trend_following,validation,5,0.002,1.260093912756572,4.4008485658099135,3.2415637612067236,1.1592848046031898,-0.10584544592330891,-0.1617839465479347,0.625
trend_following,validation,10,0.002,0.5151619582065321,3.6895089607721614,3.2415637612067236,0.44794519956543777,-0.13305828734611946,-0.1617839465479347,0.6666666666666666
trend_following,validation,15,0.002,0.6444406548536421,3.749877270843382,3.2415637612067236,0.5083135096366584,-0.0986030940581748,-0.1617839465479347,0.6666666666666666
volume_heavy,out_of_sample,3,0.002,-0.3608996985438395,0.24109096107615624,0.4563730558037833,-0.21528209472762705,-0.20159668069598502,-0.17278048838539306,0.5151515151515151
volume_heavy,out_of_sample,5,0.002,-0.3473834258152288,0.2625363756216579,0.4563730558037833,-0.1938366801821254,-0.22071276675594564,-0.17278048838539306,0.5757575757575758
volume_heavy,out_of_sample,10,0.002,-0.18396147017679998,0.4409229256500202,0.4563730558037833,-0.015450130153763064,-0.21304354879939724,-0.17278048838539306,0.5151515151515151
volume_heavy,out_of_sample,15,0.002,0.03370880804056969,0.5361640195071629,0.4563730558037833,0.07979096370337957,-0.17455622934655646,-0.17278048838539306,0.6060606060606061
volume_heavy,train,3,0.002,-0.2603184482808173,1.2412085185263155,1.075422626952499,0.16578589157381662,-0.3758428676017356,-0.24757740982109966,0.6511627906976745
volume_heavy,train,5,0.002,0.4328268181715656,1.7053471833311562,1.075422626952499,0.6299245563786573,-0.26715352026633654,-0.24757740982109966,0.6744186046511628
volume_heavy,train,10,0.002,0.7975254176968102,2.004456370060273,1.075422626952499,0.929033743107774,-0.22854486037990052,-0.24757740982109966,0.6511627906976745
volume_heavy,train,15,0.002,0.26976795278255933,1.573638412863195,1.075422626952499,0.49821578591069615,-0.25957275377337075,-0.24757740982109966,0.5813953488372093
volume_heavy,validation,3,0.002,0.2196124876108958,3.3844051608780026,3.2415637612067236,0.14284139967127896,-0.11786445603019158,-0.1617839465479347,0.625
volume_heavy,validation,5,0.002,-0.0898013246089524,3.059159009337063,3.2415637612067236,-0.18240475186966076,-0.10994828636964582,-0.1617839465479347,0.625
volume_heavy,validation,10,0.002,0.5233406869216275,3.7001910945020677,3.2415637612067236,0.4586273332953441,-0.13430998985352494,-0.1617839465479347,0.6666666666666666
volume_heavy,validation,15,0.002,0.8212571572202634,3.910748731211065,3.2415637612067236,0.6691849700043413,-0.09063057305870559,-0.1617839465479347,0.6666666666666666
