policy,base_model,base_portfolio_size,period,months,bear_months,avg_exposure,total_return,bist100_total_return,excess_return_vs_bist100,max_drawdown,bist100_max_drawdown,win_rate,robustness_score
baseline,low_volatility,3,out_of_sample,33,8,1.0,0.5286801544492843,0.4563730558037833,0.072307098645501,-0.24603338609680103,-0.17278048838539306,0.5454545454545454,-0.14703240082082836
baseline,low_volatility,3,train,39,12,1.0,1.6392272845287144,1.2208251837732145,0.4184021007554999,-0.16648016136890187,-0.24757740982109977,0.6410256410256411,0.4059545985305167
baseline,low_volatility,3,validation,24,0,1.0,4.1538507967654414,3.2415637612067236,0.9122870355587178,-0.1062362531593114,-0.1617839465479347,0.6666666666666666,1.0331478625734283
baseline,low_volatility,5,out_of_sample,33,8,1.0,0.34189578321648084,0.4563730558037833,-0.11447727258730245,-0.22486786206106157,-0.17278048838539306,0.5151515151515151,-0.306637239133668
baseline,low_volatility,5,train,39,12,1.0,1.465493503543093,1.2208251837732145,0.24466831976987846,-0.22339333766423164,-0.24757740982109977,0.5897435897435898,0.09275343931321006
baseline,low_volatility,5,validation,24,0,1.0,4.350315501785249,3.2415637612067236,1.1087517405785254,-0.11155271983105941,-0.1617839465479347,0.7083333333333334,1.2398129675830734
baseline,low_volatility,10,out_of_sample,33,8,1.0,0.3240483183907681,0.4563730558037833,-0.1323247374130152,-0.17924834899726694,-0.17278048838539306,0.5151515151515151,-0.2332456778317915
baseline,low_volatility,10,train,39,12,1.0,1.8340644109919144,1.2208251837732145,0.6132392272187,-0.22565624196265888,-0.24757740982109977,0.5897435897435898,0.45679853816517707
baseline,low_volatility,10,validation,24,0,1.0,3.8428299698786708,3.2415637612067236,0.6012662086719471,-0.10463177930495127,-0.1617839465479347,0.6666666666666666,0.7253359833953779
baseline,low_volatility,15,out_of_sample,33,8,1.0,0.570984775829533,0.4563730558037833,0.11461172002574971,-0.15633051967885636,-0.17278048838539306,0.5757575757575758,0.08982946854682489
baseline,low_volatility,15,train,39,12,1.0,1.8049232278823233,1.2208251837732145,0.5840980441091088,-0.24569924463752846,-0.24757740982109977,0.6410256410256411,0.41321237534687244
baseline,low_volatility,15,validation,24,0,1.0,3.5934103878578227,3.2415637612067236,0.3518466266510991,-0.10263766719379286,-0.1617839465479347,0.6666666666666666,0.4799046255968467
baseline,mixed_model,3,out_of_sample,33,8,1.0,0.43210485599887694,0.4563730558037833,-0.024268199804906354,-0.18735207467804915,-0.17278048838539306,0.5757575757575758,-0.11109356128221676
baseline,mixed_model,3,train,39,12,1.0,0.926858794220613,1.2208251837732145,-0.29396638955260146,-0.3455280075490562,-0.24757740982109977,0.6153846153846154,-0.6773300969584062
baseline,mixed_model,3,validation,24,0,1.0,4.533459006121128,3.2415637612067236,1.2918952449144046,-0.11682132905044063,-0.1617839465479347,0.6666666666666666,1.3915859201468566
baseline,mixed_model,5,out_of_sample,33,8,1.0,0.34988749661301854,0.4563730558037833,-0.10648555919076474,-0.19440534632539241,-0.17278048838539306,0.5151515151515151,-0.237720494265792
baseline,mixed_model,5,train,39,12,1.0,2.362222341813424,1.2208251837732145,1.1413971580402094,-0.24519630844269247,-0.24757740982109977,0.6666666666666666,0.9843378744881577
baseline,mixed_model,5,validation,24,0,1.0,4.795449931684561,3.2415637612067236,1.5538861704778375,-0.1058454459233088,-0.1617839465479347,0.625,1.65469527863122
baseline,mixed_model,10,out_of_sample,33,8,1.0,0.4588874906790281,0.4563730558037833,0.002514434875244831,-0.1971004063856977,-0.17278048838539306,0.5151515151515151,-0.134110620320393
baseline,mixed_model,10,train,39,12,1.0,1.995522995304293,1.2208251837732145,0.7746978115310785,-0.2456479973714627,-0.24757740982109977,0.6410256410256411,0.6039146373009736
baseline,mixed_model,10,validation,24,0,1.0,3.856381241681066,3.2415637612067236,0.6148174804743425,-0.12319354143933658,-0.1617839465479347,0.6666666666666666,0.7017637309290026
baseline,mixed_model,15,out_of_sample,33,8,1.0,0.6229047945561026,0.4563730558037833,0.1665317387523193,-0.1644476022881608,-0.17278048838539306,0.6060606060606061,0.14066683720630074
baseline,mixed_model,15,train,39,12,1.0,1.7363286599681107,1.2208251837732145,0.5155034761948962,-0.2563730626274602,-0.24757740982109977,0.6410256410256411,0.3232701714527964
baseline,mixed_model,15,validation,24,0,1.0,3.533403960835276,3.2415637612067236,0.29184019962855245,-0.10614259317599817,-0.1617839465479347,0.6666666666666666,0.41288834660988943
baseline,momentum_heavy,3,out_of_sample,33,8,1.0,0.7119079794498329,0.4563730558037833,0.25553492364604957,-0.16603698795385313,-0.17278048838539306,0.6060606060606061,0.22649125076864635
baseline,momentum_heavy,3,train,39,12,1.0,1.1071574761547138,1.2208251837732145,-0.11366770761850065,-0.33801547853818026,-0.24757740982109977,0.6410256410256411,-0.4691858441820406
baseline,momentum_heavy,3,validation,24,0,1.0,4.780798578912439,3.2415637612067236,1.5392348177057151,-0.11682132905044051,-0.1617839465479347,0.625,1.618092159604834
baseline,momentum_heavy,5,out_of_sample,33,8,1.0,0.33840003111126915,0.4563730558037833,-0.11797302469251414,-0.20136005245770838,-0.17278048838539306,0.5454545454545454,-0.2479658568806582
baseline,momentum_heavy,5,train,39,12,1.0,1.9733220129382372,1.2208251837732145,0.7524968291650227,-0.24519630844269247,-0.24757740982109977,0.6410256410256411,0.5826170327924582
baseline,momentum_heavy,5,validation,24,0,1.0,3.9578010579608103,3.2415637612067236,0.7162372967540866,-0.1542327485983087,-0.1617839465479347,0.625,0.7202717995574692
baseline,momentum_heavy,10,out_of_sample,33,8,1.0,0.4286684665945606,0.4563730558037833,-0.027704589209222696,-0.20664788063938277,-0.17278048838539306,0.5151515151515151,-0.18342459291223068
baseline,momentum_heavy,10,train,39,12,1.0,1.8805942562403049,1.2208251837732145,0.6597690724670904,-0.24042823089154586,-0.24757740982109977,0.6410256410256411,0.4994254311968192
baseline,momentum_heavy,10,validation,24,0,1.0,3.9004497688407147,3.2415637612067236,0.6588860076339911,-0.13397491236086156,-0.1617839465479347,0.6666666666666666,0.7242695162456012
baseline,momentum_heavy,15,out_of_sample,33,8,1.0,0.6184945837406124,0.4563730558037833,0.1621215279368291,-0.16799698556350418,-0.17278048838539306,0.6060606060606061,0.1291578598401238
baseline,momentum_heavy,15,train,39,12,1.0,1.7903768066328278,1.2208251837732145,0.5695516228596134,-0.2563730626274602,-0.24757740982109977,0.6410256410256411,0.37731831811751354
baseline,momentum_heavy,15,validation,24,0,1.0,3.7114036513942477,3.2415637612067236,0.46983989018752403,-0.10614259317599817,-0.1617839465479347,0.6666666666666666,0.590888037168861
baseline,trend_following,3,out_of_sample,33,8,1.0,0.5645155404452575,0.4563730558037833,0.10814248464147425,-0.17670084663312158,-0.17278048838539306,0.6060606060606061,0.05777109440553413
baseline,trend_following,3,train,39,12,1.0,1.1847545380328857,1.2208251837732145,-0.03607064574032881,-0.3455280075490561,-0.24757740982109977,0.6410256410256411,-0.4066138403256205
baseline,trend_following,3,validation,24,0,1.0,5.372737163317145,3.2415637612067236,2.131173402110421,-0.11682132905044074,-0.1617839465479347,0.625,2.2100307440095395
baseline,trend_following,5,out_of_sample,33,8,1.0,0.3691143129477692,0.4563730558037833,-0.0872587428560141,-0.1944053463253923,-0.17278048838539306,0.5454545454545454,-0.203342162779526
baseline,trend_following,5,train,39,12,1.0,2.2999695655562236,1.2208251837732145,1.079144381783009,-0.24519630844269247,-0.24757740982109977,0.6923076923076923,0.9349056110514703
baseline,trend_following,5,validation,24,0,1.0,4.4008485658099135,3.2415637612067236,1.1592848046031898,-0.10584544592330891,-0.1617839465479347,0.625,1.260093912756572
baseline,trend_following,10,out_of_sample,33,8,1.0,0.38332702517065353,0.4563730558037833,-0.07304603063312975,-0.22207821485459245,-0.17278048838539306,0.5151515151515151,-0.2596267027665571
baseline,trend_following,10,train,39,12,1.0,1.9771167056927306,1.2208251837732145,0.7562915219195161,-0.2358892158232323,-0.24757740982109977,0.6410256410256411,0.605025910785872
baseline,trend_following,10,validation,24,0,1.0,3.6895089607721614,3.2415637612067236,0.44794519956543777,-0.13305828734611946,-0.1617839465479347,0.6666666666666666,0.5151619582065321
baseline,trend_following,15,out_of_sample,33,8,1.0,0.5957623669674781,0.4563730558037833,0.1393893111636948,-0.1746576587812041,-0.17278048838539306,0.6060606060606061,0.09310429663158964
baseline,trend_following,15,train,39,12,1.0,1.7938632023353427,1.2208251837732145,0.5730380185621282,-0.25637306262746007,-0.24757740982109977,0.6410256410256411,0.3808047138200286
baseline,trend_following,15,validation,24,0,1.0,3.749877270843382,3.2415637612067236,0.5083135096366584,-0.0986030940581748,-0.1617839465479347,0.6666666666666666,0.6444406548536421
baseline,volume_heavy,3,out_of_sample,33,8,1.0,0.24109096107615624,0.4563730558037833,-0.21528209472762705,-0.20159668069598502,-0.17278048838539306,0.5151515151515151,-0.3608996985438395
baseline,volume_heavy,3,train,39,12,1.0,1.3921602968765083,1.2208251837732145,0.17133511310329386,-0.3758428676017357,-0.24757740982109977,0.6666666666666666,-0.2470172887668442
baseline,volume_heavy,3,validation,24,0,1.0,3.3844051608780026,3.2415637612067236,0.14284139967127896,-0.11786445603019158,-0.1617839465479347,0.625,0.2196124876108958
baseline,volume_heavy,5,out_of_sample,33,8,1.0,0.2625363756216579,0.4563730558037833,-0.1938366801821254,-0.22071276675594564,-0.17278048838539306,0.5757575757575758,-0.3473834258152288
baseline,volume_heavy,5,train,39,12,1.0,1.8482044055234317,1.2208251837732145,0.6273792217502172,-0.26715352026633643,-0.24757740982109977,0.6666666666666666,0.42640551455087766
baseline,volume_heavy,5,validation,24,0,1.0,3.059159009337063,3.2415637612067236,-0.18240475186966076,-0.10994828636964582,-0.1617839465479347,0.625,-0.0898013246089524
baseline,volume_heavy,10,out_of_sample,33,8,1.0,0.4409229256500202,0.4563730558037833,-0.015450130153763064,-0.21304354879939724,-0.17278048838539306,0.5151515151515151,-0.18396147017679998
baseline,volume_heavy,10,train,39,12,1.0,2.2143557948113997,1.2208251837732145,0.9935306110381852,-0.22854486037990052,-0.24757740982109977,0.6410256410256411,0.8569537107912046
baseline,volume_heavy,10,validation,24,0,1.0,3.7001910945020677,3.2415637612067236,0.4586273332953441,-0.13430998985352494,-0.1617839465479347,0.6666666666666666,0.5233406869216275
baseline,volume_heavy,15,out_of_sample,33,8,1.0,0.5361640195071629,0.4563730558037833,0.07979096370337957,-0.17455622934655646,-0.17278048838539306,0.6060606060606061,0.03370880804056969
baseline,volume_heavy,15,train,39,12,1.0,1.8477053634895602,1.2208251837732145,0.6268801797163457,-0.25957275377337086,-0.24757740982109977,0.6153846153846154,0.4154269798619117
baseline,volume_heavy,15,validation,24,0,1.0,3.910748731211065,3.2415637612067236,0.6691849700043413,-0.09063057305870559,-0.1617839465479347,0.6666666666666666,0.8212571572202634
cash_mode,low_volatility,3,out_of_sample,33,8,1.0,0.26976450650870576,0.4563730558037833,-0.18660854929507753,-0.25822410173286914,-0.17278048838539306,0.3939393939393939,-0.5060870557911188
cash_mode,low_volatility,3,train,39,12,1.0,0.5539046361460245,1.2208251837732145,-0.66692054762719,-0.19004241629411,-0.24757740982109977,0.41025641025641024,-0.8418771750872049
cash_mode,low_volatility,3,validation,24,0,1.0,4.1538507967654414,3.2415637612067236,0.9122870355587178,-0.1062362531593114,-0.1617839465479347,0.6666666666666666,1.0331478625734283
cash_mode,low_volatility,5,out_of_sample,33,8,1.0,0.1764764482682215,0.4563730558037833,-0.2798966075355618,-0.2890962203935106,-0.17278048838539306,0.36363636363636365,-0.676270866504401
cash_mode,low_volatility,5,train,39,12,1.0,0.3496085226704686,1.2208251837732145,-0.8712166611027459,-0.2625792034212262,-0.24757740982109977,0.358974358974359,-1.2168878884580188
cash_mode,low_volatility,5,validation,24,0,1.0,4.350315501785249,3.2415637612067236,1.1087517405785254,-0.11155271983105941,-0.1617839465479347,0.7083333333333334,1.2398129675830734
cash_mode,low_volatility,10,out_of_sample,33,8,1.0,0.17406141193127422,0.4563730558037833,-0.28231164387250907,-0.18481222939855058,-0.17278048838539306,0.36363636363636365,-0.4701179208514284
cash_mode,low_volatility,10,train,39,12,1.0,0.48062953996135716,1.2208251837732145,-0.7401956438118573,-0.225656241962659,-0.24757740982109977,0.3333333333333333,-1.0248414610705086
cash_mode,low_volatility,10,validation,24,0,1.0,3.8428299698786708,3.2415637612067236,0.6012662086719471,-0.10463177930495127,-0.1617839465479347,0.6666666666666666,0.7253359833953779
cash_mode,low_volatility,15,out_of_sample,33,8,1.0,0.2703959820466517,0.4563730558037833,-0.18597707375713157,-0.1910999849514895,-0.17278048838539306,0.3939393939393939,-0.3712073466904136
cash_mode,low_volatility,15,train,39,12,1.0,0.39946727194742326,1.2208251837732145,-0.8213579118257912,-0.24569924463752846,-0.24757740982109977,0.38461538461538464,-1.1204487087931558
cash_mode,low_volatility,15,validation,24,0,1.0,3.5934103878578227,3.2415637612067236,0.3518466266510991,-0.10263766719379286,-0.1617839465479347,0.6666666666666666,0.4799046255968467
cash_mode,mixed_model,3,out_of_sample,33,8,1.0,0.1763033147175741,0.4563730558037833,-0.2800697410862092,-0.2511787082731203,-0.17278048838539306,0.3939393939393939,-0.5854574606627527
cash_mode,mixed_model,3,train,39,12,1.0,0.09190954950027286,1.2208251837732145,-1.1289156342729416,-0.35315709115253935,-0.24757740982109977,0.38461538461538464,-1.642922124270328
cash_mode,mixed_model,3,validation,24,0,1.0,4.533459006121128,3.2415637612067236,1.2918952449144046,-0.11682132905044063,-0.1617839465479347,0.6666666666666666,1.3915859201468566
cash_mode,mixed_model,5,out_of_sample,33,8,1.0,0.18218433105863596,0.4563730558037833,-0.2741887247451473,-0.20350296358386644,-0.17278048838539306,0.36363636363636365,-0.4993764700946984
cash_mode,mixed_model,5,train,39,12,1.0,0.7321980774906911,1.2208251837732145,-0.48862710628252337,-0.24519630844269247,-0.24757740982109977,0.4358974358974359,-0.7610710052191904
cash_mode,mixed_model,5,validation,24,0,1.0,4.795449931684561,3.2415637612067236,1.5538861704778375,-0.1058454459233088,-0.1617839465479347,0.625,1.65469527863122
cash_mode,mixed_model,10,out_of_sample,33,8,1.0,0.2539277232075996,0.4563730558037833,-0.2024453325961837,-0.2124218879262223,-0.17278048838539306,0.3333333333333333,-0.46062244178196166
cash_mode,mixed_model,10,train,39,12,1.0,0.605673245516535,1.2208251837732145,-0.6151519382566795,-0.2456479973714628,-0.24757740982109977,0.38461538461538464,-0.9141402406919128
cash_mode,mixed_model,10,validation,24,0,1.0,3.856381241681066,3.2415637612067236,0.6148174804743425,-0.12319354143933658,-0.1617839465479347,0.6666666666666666,0.7017637309290026
cash_mode,mixed_model,15,out_of_sample,33,8,1.0,0.31214475447715384,0.4563730558037833,-0.14422830132662945,-0.20044001615172735,-0.17278048838539306,0.3939393939393939,-0.3481386366603872
cash_mode,mixed_model,15,train,39,12,1.0,0.3682875765738267,1.2208251837732145,-0.8525376071993878,-0.26332728047577636,-0.24757740982109977,0.38461538461538464,-1.1868844758432482
cash_mode,mixed_model,15,validation,24,0,1.0,3.533403960835276,3.2415637612067236,0.29184019962855245,-0.10614259317599817,-0.1617839465479347,0.6666666666666666,0.41288834660988943
cash_mode,momentum_heavy,3,out_of_sample,33,8,1.0,0.4061282051262607,0.4563730558037833,-0.0502448506775226,-0.19400830759727217,-0.17278048838539306,0.42424242424242425,-0.2261402537508548
cash_mode,momentum_heavy,3,train,39,12,1.0,0.13104234613927246,1.2208251837732145,-1.089782837633942,-0.33801547853818026,-0.24757740982109977,0.41025641025641024,-1.5606855895820975
cash_mode,momentum_heavy,3,validation,24,0,1.0,4.780798578912439,3.2415637612067236,1.5392348177057151,-0.11682132905044051,-0.1617839465479347,0.625,1.618092159604834
cash_mode,momentum_heavy,5,out_of_sample,33,8,1.0,0.18590379149280212,0.4563730558037833,-0.2704692643109812,-0.20831535110121402,-0.17278048838539306,0.3939393939393939,-0.49013026954371225
cash_mode,momentum_heavy,5,train,39,12,1.0,0.5503945366881309,1.2208251837732145,-0.6704306470850836,-0.24519630844269247,-0.24757740982109977,0.38461538461538464,-0.9685155716627762
cash_mode,momentum_heavy,5,validation,24,0,1.0,3.9578010579608103,3.2415637612067236,0.7162372967540866,-0.1542327485983087,-0.1617839465479347,0.625,0.7202717995574692
cash_mode,momentum_heavy,10,out_of_sample,33,8,1.0,0.2047213827558032,0.4563730558037833,-0.2516516730479801,-0.2210924446377811,-0.17278048838539306,0.3333333333333333,-0.5271698956568757
cash_mode,momentum_heavy,10,train,39,12,1.0,0.5351440935470535,1.2208251837732145,-0.685681090226161,-0.24042823089154575,-0.24757740982109977,0.38461538461538464,-0.9742298597015602
cash_mode,momentum_heavy,10,validation,24,0,1.0,3.9004497688407147,3.2415637612067236,0.6588860076339911,-0.13397491236086156,-0.1617839465479347,0.6666666666666666,0.7242695162456012
cash_mode,momentum_heavy,15,out_of_sample,33,8,1.0,0.30533226917627876,0.4563730558037833,-0.15104078662750453,-0.203836505518614,-0.17278048838539306,0.3939393939393939,-0.36174410069503554
cash_mode,momentum_heavy,15,train,39,12,1.0,0.37723434085340624,1.2208251837732145,-0.8435908429198082,-0.26426931406298915,-0.24757740982109977,0.38461538461538464,-1.1798217787380942
cash_mode,momentum_heavy,15,validation,24,0,1.0,3.7114036513942477,3.2415637612067236,0.46983989018752403,-0.10614259317599817,-0.1617839465479347,0.6666666666666666,0.590888037168861
cash_mode,trend_following,3,out_of_sample,33,8,1.0,0.28506289776476823,0.4563730558037833,-0.17131015803901506,-0.2043144978962388,-0.17278048838539306,0.42424242424242425,-0.3678179417102805
cash_mode,trend_following,3,train,39,12,1.0,0.051551304202441806,1.2208251837732145,-1.1692738795707727,-0.35315709115253935,-0.24757740982109977,0.38461538461538464,-1.683280369568159
cash_mode,trend_following,3,validation,24,0,1.0,5.372737163317145,3.2415637612067236,2.131173402110421,-0.11682132905044074,-0.1617839465479347,0.625,2.2100307440095395
cash_mode,trend_following,5,out_of_sample,33,8,1.0,0.16872748956073758,0.4563730558037833,-0.2876455662430457,-0.20177779408211782,-0.17278048838539306,0.3939393939393939,-0.4942314574375844
cash_mode,trend_following,5,train,39,12,1.0,0.6142957889511218,1.2208251837732145,-0.6065293948220927,-0.25502582952384145,-0.24757740982109977,0.41025641025641024,-0.9114528487415705
cash_mode,trend_following,5,validation,24,0,1.0,4.4008485658099135,3.2415637612067236,1.1592848046031898,-0.10584544592330891,-0.1617839465479347,0.625,1.260093912756572
cash_mode,trend_following,10,out_of_sample,33,8,1.0,0.20740554720376747,0.4563730558037833,-0.24896750860001582,-0.22109244463778088,-0.17278048838539306,0.3333333333333333,-0.524485731208911
cash_mode,trend_following,10,train,39,12,1.0,0.5220945689191547,1.2208251837732145,-0.6987306148540597,-0.2358892158232324,-0.24757740982109977,0.38461538461538464,-0.9782013541928323
cash_mode,trend_following,10,validation,24,0,1.0,3.6895089607721614,3.2415637612067236,0.44794519956543777,-0.13305828734611946,-0.1617839465479347,0.6666666666666666,0.5151619582065321
cash_mode,trend_following,15,out_of_sample,33,8,1.0,0.286998506183199,0.4563730558037833,-0.1693745496205843,-0.20680111942218393,-0.17278048838539306,0.3939393939393939,-0.3860070914952552
cash_mode,trend_following,15,train,39,12,1.0,0.3767376324657121,1.2208251837732145,-0.8440875513075023,-0.2642693140629889,-0.24757740982109977,0.38461538461538464,-1.180318487125788
cash_mode,trend_following,15,validation,24,0,1.0,3.749877270843382,3.2415637612067236,0.5083135096366584,-0.0986030940581748,-0.1617839465479347,0.6666666666666666,0.6444406548536421
cash_mode,volume_heavy,3,out_of_sample,33,8,1.0,-0.0471844120909275,0.4563730558037833,-0.5035574678947108,-0.3098574318414419,-0.17278048838539306,0.36363636363636365,-0.9414541497594127
cash_mode,volume_heavy,3,train,39,12,1.0,0.1474005471883406,1.2208251837732145,-1.0734246365848739,-0.3980288718280016,-0.24757740982109977,0.4358974358974359,-1.651533662292159
cash_mode,volume_heavy,3,validation,24,0,1.0,3.3844051608780026,3.2415637612067236,0.14284139967127896,-0.11786445603019158,-0.1617839465479347,0.625,0.2196124876108958
cash_mode,volume_heavy,5,out_of_sample,33,8,1.0,-0.018849483975374448,0.4563730558037833,-0.47522253977915774,-0.2704467618100621,-0.17278048838539306,0.36363636363636365,-0.8342978815811002
cash_mode,volume_heavy,5,train,39,12,1.0,0.4871288444801247,1.2208251837732145,-0.7336963392930897,-0.26715352026633643,-0.24757740982109977,0.41025641025641024,-1.0628751746975575
cash_mode,volume_heavy,5,validation,24,0,1.0,3.059159009337063,3.2415637612067236,-0.18240475186966076,-0.10994828636964582,-0.1617839465479347,0.625,-0.0898013246089524
cash_mode,volume_heavy,10,out_of_sample,33,8,1.0,0.18519428025287632,0.4563730558037833,-0.27117877555090697,-0.2342563070473278,-0.17278048838539306,0.36363636363636365,-0.5578732078273807
cash_mode,volume_heavy,10,train,39,12,1.0,0.6521936769398404,1.2208251837732145,-0.568631506833374,-0.2285448603799004,-0.24757740982109977,0.38461538461538464,-0.8334135352854826
cash_mode,volume_heavy,10,validation,24,0,1.0,3.7001910945020677,3.2415637612067236,0.4586273332953441,-0.13430998985352494,-0.1617839465479347,0.6666666666666666,0.5233406869216275
cash_mode,volume_heavy,15,out_of_sample,33,8,1.0,0.2594190640503249,0.4563730558037833,-0.1969539917534584,-0.2024263041245956,-0.17278048838539306,0.3939393939393939,-0.40483690303295267
cash_mode,volume_heavy,15,train,39,12,1.0,0.4206296335854336,1.2208251837732145,-0.8001955501877809,-0.25957275377337063,-0.24757740982109977,0.358974358974359,-1.1398538782473426
cash_mode,volume_heavy,15,validation,24,0,1.0,3.910748731211065,3.2415637612067236,0.6691849700043413,-0.09063057305870559,-0.1617839465479347,0.6666666666666666,0.8212571572202634
defensive_mode,low_volatility,3,out_of_sample,33,8,1.0,0.4483006773914804,0.4563730558037833,-0.008072378412302905,-0.24603338609680103,-0.17278048838539306,0.5454545454545454,-0.22741187787863226
defensive_mode,low_volatility,3,train,39,12,1.0,1.8387059811706319,1.2208251837732145,0.6178807973974174,-0.14700201210262243,-0.24757740982109977,0.6410256410256411,0.644389593704993
defensive_mode,low_volatility,3,validation,24,0,1.0,4.1538507967654414,3.2415637612067236,0.9122870355587178,-0.1062362531593114,-0.1617839465479347,0.6666666666666666,1.0331478625734283
defensive_mode,low_volatility,5,out_of_sample,33,8,1.0,0.34189578321648084,0.4563730558037833,-0.11447727258730245,-0.22486786206106157,-0.17278048838539306,0.5151515151515151,-0.306637239133668
defensive_mode,low_volatility,5,train,39,12,1.0,1.465493503543093,1.2208251837732145,0.24466831976987846,-0.22339333766423164,-0.24757740982109977,0.5897435897435898,0.09275343931321006
defensive_mode,low_volatility,5,validation,24,0,1.0,4.350315501785249,3.2415637612067236,1.1087517405785254,-0.11155271983105941,-0.1617839465479347,0.7083333333333334,1.2398129675830734
defensive_mode,low_volatility,10,out_of_sample,33,8,1.0,0.3391411789219081,0.4563730558037833,-0.1172318768818752,-0.16094260017923667,-0.17278048838539306,0.5151515151515151,-0.18154131966459097
defensive_mode,low_volatility,10,train,39,12,1.0,1.704845479714014,1.2208251837732145,0.48402029594079954,-0.22565624196265888,-0.24757740982109977,0.5641025641025641,0.31475909406676383
defensive_mode,low_volatility,10,validation,24,0,1.0,3.8428299698786708,3.2415637612067236,0.6012662086719471,-0.10463177930495127,-0.1617839465479347,0.6666666666666666,0.7253359833953779
defensive_mode,low_volatility,15,out_of_sample,33,8,1.0,0.4490209420111597,0.4563730558037833,-0.007352113792623571,-0.16605702217535423,-0.17278048838539306,0.5454545454545454,-0.06673888541605932
defensive_mode,low_volatility,15,train,39,12,1.0,1.55657652530253,1.2208251837732145,0.33575134152931563,-0.24569924463752846,-0.24757740982109977,0.6153846153846154,0.15204515994656642
defensive_mode,low_volatility,15,validation,24,0,1.0,3.5934103878578227,3.2415637612067236,0.3518466266510991,-0.10263766719379286,-0.1617839465479347,0.6666666666666666,0.4799046255968467
defensive_mode,mixed_model,3,out_of_sample,33,8,1.0,0.3416983060958043,0.4563730558037833,-0.11467474970797897,-0.18735207467804915,-0.17278048838539306,0.5454545454545454,-0.21665162633680457
defensive_mode,mixed_model,3,train,39,12,1.0,0.9947235479980099,1.2208251837732145,-0.2261016357752046,-0.3455280075490561,-0.24757740982109977,0.6153846153846154,-0.6094653431810091
defensive_mode,mixed_model,3,validation,24,0,1.0,4.533459006121128,3.2415637612067236,1.2918952449144046,-0.11682132905044063,-0.1617839465479347,0.6666666666666666,1.3915859201468566
defensive_mode,mixed_model,5,out_of_sample,33,8,1.0,0.3484062270581971,0.4563730558037833,-0.10796682874558616,-0.19440534632539241,-0.17278048838539306,0.5151515151515151,-0.23920176382061342
defensive_mode,mixed_model,5,train,39,12,1.0,2.1644162252715033,1.2208251837732145,0.9435910414982889,-0.24519630844269247,-0.24757740982109977,0.6666666666666666,0.7865317579462372
defensive_mode,mixed_model,5,validation,24,0,1.0,4.795449931684561,3.2415637612067236,1.5538861704778375,-0.1058454459233088,-0.1617839465479347,0.625,1.65469527863122
defensive_mode,mixed_model,10,out_of_sample,33,8,1.0,0.43023715154466124,0.4563730558037833,-0.026135904259122045,-0.1903895753470939,-0.17278048838539306,0.48484848484848486,-0.1644908125290674
defensive_mode,mixed_model,10,train,39,12,1.0,1.933277975898335,1.2208251837732145,0.7124527921251205,-0.2456479973714627,-0.24757740982109977,0.6153846153846154,0.5288491050745028
defensive_mode,mixed_model,10,validation,24,0,1.0,3.856381241681066,3.2415637612067236,0.6148174804743425,-0.12319354143933658,-0.1617839465479347,0.6666666666666666,0.7017637309290026
defensive_mode,mixed_model,15,out_of_sample,33,8,1.0,0.496639831247252,0.4563730558037833,0.04026677544346868,-0.17568621402502216,-0.17278048838539306,0.5454545454545454,-0.038378379879302926
defensive_mode,mixed_model,15,train,39,12,1.0,1.4996167957996769,1.2208251837732145,0.2787916120264624,-0.2563730626274602,-0.24757740982109977,0.6153846153846154,0.07373779446384976
defensive_mode,mixed_model,15,validation,24,0,1.0,3.533403960835276,3.2415637612067236,0.29184019962855245,-0.10614259317599817,-0.1617839465479347,0.6666666666666666,0.41288834660988943
defensive_mode,momentum_heavy,3,out_of_sample,33,8,1.0,0.6038378939911462,0.4563730558037833,0.1474648381873629,-0.16603698795385313,-0.17278048838539306,0.5757575757575758,0.10326965015844453
defensive_mode,momentum_heavy,3,train,39,12,1.0,1.0662121717494508,1.2208251837732145,-0.15461301202376365,-0.33801547853818037,-0.24757740982109977,0.6410256410256411,-0.5101311485873039
defensive_mode,momentum_heavy,3,validation,24,0,1.0,4.780798578912439,3.2415637612067236,1.5392348177057151,-0.11682132905044051,-0.1617839465479347,0.625,1.618092159604834
defensive_mode,momentum_heavy,5,out_of_sample,33,8,1.0,0.35264866495807556,0.4563730558037833,-0.10372439084570773,-0.2010032847736477,-0.17278048838539306,0.5454545454545454,-0.23300368766573043
defensive_mode,momentum_heavy,5,train,39,12,1.0,1.832293656955974,1.2208251837732145,0.6114684731827595,-0.24519630844269247,-0.24757740982109977,0.6153846153846154,0.4287681639896823
defensive_mode,momentum_heavy,5,validation,24,0,1.0,3.9578010579608103,3.2415637612067236,0.7162372967540866,-0.1542327485983087,-0.1617839465479347,0.625,0.7202717995574692
defensive_mode,momentum_heavy,10,out_of_sample,33,8,1.0,0.374112117459213,0.4563730558037833,-0.08226093834457027,-0.1993026888447994,-0.17278048838539306,0.48484848484848486,-0.23844207360992664
defensive_mode,momentum_heavy,10,train,39,12,1.0,1.8044338236347666,1.2208251837732145,0.5836086398615521,-0.24042823089154575,-0.24757740982109977,0.6153846153846154,0.4104444857707683
defensive_mode,momentum_heavy,10,validation,24,0,1.0,3.9004497688407147,3.2415637612067236,0.6588860076339911,-0.13397491236086156,-0.1617839465479347,0.6666666666666666,0.7242695162456012
defensive_mode,momentum_heavy,15,out_of_sample,33,8,1.0,0.48886947144793247,0.4563730558037833,0.03249641564414918,-0.17918785626025135,-0.17278048838539306,0.5454545454545454,-0.05315202414908082
defensive_mode,momentum_heavy,15,train,39,12,1.0,1.5159609347396037,1.2208251837732145,0.2951357509663892,-0.2563730626274602,-0.24757740982109977,0.6153846153846154,0.09008193340377657
defensive_mode,momentum_heavy,15,validation,24,0,1.0,3.7114036513942477,3.2415637612067236,0.46983989018752403,-0.10614259317599817,-0.1617839465479347,0.6666666666666666,0.590888037168861
defensive_mode,trend_following,3,out_of_sample,33,8,1.0,0.46575011018439816,0.4563730558037833,0.009377054380614869,-0.17670084663312158,-0.17278048838539306,0.5757575757575758,-0.056145851006840386
defensive_mode,trend_following,3,train,39,12,1.0,0.9209962486183982,1.2208251837732145,-0.29982893515481623,-0.3455280075490561,-0.24757740982109977,0.6153846153846154,-0.6831926425606207
defensive_mode,trend_following,3,validation,24,0,1.0,5.372737163317145,3.2415637612067236,2.131173402110421,-0.11682132905044074,-0.1617839465479347,0.625,2.2100307440095395
defensive_mode,trend_following,5,out_of_sample,33,8,1.0,0.333057276479523,0.4563730558037833,-0.1233157793242603,-0.1944053463253923,-0.17278048838539306,0.5454545454545454,-0.2393991992477722
defensive_mode,trend_following,5,train,39,12,1.0,1.9490298213149044,1.2208251837732145,0.72820463754169,-0.24519630844269247,-0.24757740982109977,0.6410256410256411,0.5583248411691255
defensive_mode,trend_following,5,validation,24,0,1.0,4.4008485658099135,3.2415637612067236,1.1592848046031898,-0.10584544592330891,-0.1617839465479347,0.625,1.260093912756572
defensive_mode,trend_following,10,out_of_sample,33,8,1.0,0.3771736908204866,0.4563730558037833,-0.07919936498329672,-0.19930268884479918,-0.17278048838539306,0.48484848484848486,-0.23538050024865265
defensive_mode,trend_following,10,train,39,12,1.0,1.7805946749824235,1.2208251837732145,0.559769491209209,-0.2358892158232324,-0.24757740982109977,0.6153846153846154,0.39568336725505193
defensive_mode,trend_following,10,validation,24,0,1.0,3.6895089607721614,3.2415637612067236,0.44794519956543777,-0.13305828734611946,-0.1617839465479347,0.6666666666666666,0.5151619582065321
defensive_mode,trend_following,15,out_of_sample,33,8,1.0,0.46795787624590557,0.4563730558037833,0.011584820442122279,-0.18224425247838605,-0.17278048838539306,0.5454545454545454,-0.08017641178737711
defensive_mode,trend_following,15,train,39,12,1.0,1.5150535373110574,1.2208251837732145,0.29422835353784293,-0.25637306262746007,-0.24757740982109977,0.6153846153846154,0.0891745359752305
defensive_mode,trend_following,15,validation,24,0,1.0,3.749877270843382,3.2415637612067236,0.5083135096366584,-0.0986030940581748,-0.1617839465479347,0.6666666666666666,0.6444406548536421
defensive_mode,volume_heavy,3,out_of_sample,33,8,1.0,0.08678692334231708,0.4563730558037833,-0.3695861324614662,-0.22976565865845056,-0.17278048838539306,0.5151515151515151,-0.5715416922026098
defensive_mode,volume_heavy,3,train,39,12,1.0,1.0960956807364313,1.2208251837732145,-0.1247295030367832,-0.3758428676017356,-0.24757740982109977,0.6666666666666666,-0.5430819049069211
defensive_mode,volume_heavy,3,validation,24,0,1.0,3.3844051608780026,3.2415637612067236,0.14284139967127896,-0.11786445603019158,-0.1617839465479347,0.625,0.2196124876108958
defensive_mode,volume_heavy,5,out_of_sample,33,8,1.0,0.11910590483316819,0.4563730558037833,-0.3372671509706151,-0.22071276675594564,-0.17278048838539306,0.5151515151515151,-0.5211169269067488
defensive_mode,volume_heavy,5,train,39,12,1.0,1.7167185471994375,1.2208251837732145,0.49589336342622303,-0.2671535202663363,-0.24757740982109977,0.6410256410256411,0.28209914340637093
defensive_mode,volume_heavy,5,validation,24,0,1.0,3.059159009337063,3.2415637612067236,-0.18240475186966076,-0.10994828636964582,-0.1617839465479347,0.625,-0.0898013246089524
defensive_mode,volume_heavy,10,out_of_sample,33,8,1.0,0.3518393923692342,0.4563730558037833,-0.10453366343454906,-0.21054943296904738,-0.17278048838539306,0.5151515151515151,-0.26805677179688625
defensive_mode,volume_heavy,10,train,39,12,1.0,2.0182624877249435,1.2208251837732145,0.7974373039517291,-0.2285448603799004,-0.24757740982109977,0.6153846153846154,0.648039890884236
defensive_mode,volume_heavy,10,validation,24,0,1.0,3.7001910945020677,3.2415637612067236,0.4586273332953441,-0.13430998985352494,-0.1617839465479347,0.6666666666666666,0.5233406869216275
defensive_mode,volume_heavy,15,out_of_sample,33,8,1.0,0.4365006063991159,0.4563730558037833,-0.01987244940466737,-0.17773399604516682,-0.17278048838539306,0.5454545454545454,-0.1026131687677283
defensive_mode,volume_heavy,15,train,39,12,1.0,1.5952363768533369,1.2208251837732145,0.3744111930801224,-0.25957275377337063,-0.24757740982109977,0.5897435897435898,0.150137480405176
defensive_mode,volume_heavy,15,validation,24,0,1.0,3.910748731211065,3.2415637612067236,0.6691849700043413,-0.09063057305870559,-0.1617839465479347,0.6666666666666666,0.8212571572202634
reduced_exposure_mode,low_volatility,3,out_of_sample,33,8,0.8787878787878788,0.40345435313189526,0.4563730558037833,-0.05291870267188803,-0.24603338609680103,-0.17278048838539306,0.5454545454545454,-0.2722582021382174
reduced_exposure_mode,low_volatility,3,train,39,12,0.8461538461538461,1.0391549840304597,1.2208251837732145,-0.18167019974275478,-0.17801981962452262,-0.24757740982109977,0.6410256410256411,-0.2171970184789795
reduced_exposure_mode,low_volatility,3,validation,24,0,1.0,4.1538507967654414,3.2415637612067236,0.9122870355587178,-0.1062362531593114,-0.1617839465479347,0.6666666666666666,1.0331478625734283
reduced_exposure_mode,low_volatility,5,out_of_sample,33,8,0.8787878787878788,0.263655029985602,0.4563730558037833,-0.19271802581818132,-0.244725779976106,-0.17278048838539306,0.5151515151515151,-0.42459382819463576
reduced_exposure_mode,low_volatility,5,train,39,12,0.8461538461538461,0.8399950346470002,1.2208251837732145,-0.38083014912621427,-0.24297612212465802,-0.24757740982109977,0.5897435897435898,-0.5719105985037354
reduced_exposure_mode,low_volatility,5,validation,24,0,1.0,4.350315501785249,3.2415637612067236,1.1087517405785254,-0.11155271983105941,-0.1617839465479347,0.7083333333333334,1.2398129675830734
reduced_exposure_mode,low_volatility,10,out_of_sample,33,8,0.8787878787878788,0.2501958105251778,0.4563730558037833,-0.20617724527860548,-0.18061423047245817,-0.17278048838539306,0.5151515151515151,-0.30982994864776425
reduced_exposure_mode,low_volatility,10,train,39,12,0.8461538461538461,1.0677580372528248,1.2208251837732145,-0.15306714652038966,-0.225656241962659,-0.24757740982109977,0.5897435897435898,-0.30950783557391276
reduced_exposure_mode,low_volatility,10,validation,24,0,1.0,3.8428299698786708,3.2415637612067236,0.6012662086719471,-0.10463177930495127,-0.1617839465479347,0.6666666666666666,0.7253359833953779
reduced_exposure_mode,low_volatility,15,out_of_sample,33,8,0.8787878787878788,0.4174894347710363,0.4563730558037833,-0.03888362103274701,-0.16881929782737248,-0.17278048838539306,0.5757575757575758,-0.08864342880870407
reduced_exposure_mode,low_volatility,15,train,39,12,0.8461538461538461,1.000206088060338,1.2208251837732145,-0.2206190957128764,-0.24569924463752846,-0.24757740982109977,0.6410256410256411,-0.3915047644751128
reduced_exposure_mode,low_volatility,15,validation,24,0,1.0,3.5934103878578227,3.2415637612067236,0.3518466266510991,-0.10263766719379286,-0.1617839465479347,0.6666666666666666,0.4799046255968467
reduced_exposure_mode,mixed_model,3,out_of_sample,33,8,0.8787878787878788,0.30245396513183564,0.4563730558037833,-0.15391909067194764,-0.18735207467804915,-0.17278048838539306,0.5757575757575758,-0.24074445214925805
reduced_exposure_mode,mixed_model,3,train,39,12,0.8461538461538461,0.46173655610501996,1.2208251837732145,-0.7590886276681945,-0.3455280075490562,-0.24757740982109977,0.6153846153846154,-1.1424523350739992
reduced_exposure_mode,mixed_model,3,validation,24,0,1.0,4.533459006121128,3.2415637612067236,1.2918952449144046,-0.11682132905044063,-0.1617839465479347,0.6666666666666666,1.3915859201468566
reduced_exposure_mode,mixed_model,5,out_of_sample,33,8,0.8787878787878788,0.26634233329537826,0.4563730558037833,-0.19003072250840503,-0.19440534632539241,-0.17278048838539306,0.5151515151515151,-0.3212656575834323
reduced_exposure_mode,mixed_model,5,train,39,12,0.8461538461538461,1.435800228782135,1.2208251837732145,0.2149750450089205,-0.24519630844269247,-0.24757740982109977,0.6666666666666666,0.057915761456868886
reduced_exposure_mode,mixed_model,5,validation,24,0,1.0,4.795449931684561,3.2415637612067236,1.5538861704778375,-0.1058454459233088,-0.1617839465479347,0.625,1.65469527863122
reduced_exposure_mode,mixed_model,10,out_of_sample,33,8,0.8787878787878788,0.35721420732033793,0.4563730558037833,-0.09915884848344536,-0.20316666412756546,-0.17278048838539306,0.5151515151515151,-0.2479164191628187
reduced_exposure_mode,mixed_model,10,train,39,12,0.8461538461538461,1.210007076592487,1.2208251837732145,-0.010818107180727399,-0.2456479973714628,-0.24757740982109977,0.6410256410256411,-0.18160128141083248
reduced_exposure_mode,mixed_model,10,validation,24,0,1.0,3.856381241681066,3.2415637612067236,0.6148174804743425,-0.12319354143933658,-0.1617839465479347,0.6666666666666666,0.7017637309290026
reduced_exposure_mode,mixed_model,15,out_of_sample,33,8,0.8787878787878788,0.46412577612678496,0.4563730558037833,0.007752720323001672,-0.18165156000441862,-0.17278048838539306,0.6060606060606061,-0.05252009665553253
reduced_exposure_mode,mixed_model,15,train,39,12,0.8461538461538461,0.954018847685784,1.2208251837732145,-0.26680633608743043,-0.2563730626274602,-0.24757740982109977,0.6410256410256411,-0.45903964082953025
reduced_exposure_mode,mixed_model,15,validation,24,0,1.0,3.533403960835276,3.2415637612067236,0.29184019962855245,-0.10614259317599817,-0.1617839465479347,0.6666666666666666,0.41288834660988943
reduced_exposure_mode,momentum_heavy,3,out_of_sample,33,8,0.8787878787878788,0.5569260354334082,0.4563730558037833,0.10055297962962495,-0.16603698795385313,-0.17278048838539306,0.6060606060606061,0.07150930675222172
reduced_exposure_mode,momentum_heavy,3,train,39,12,0.8461538461538461,0.5565565325871087,1.2208251837732145,-0.6642686511861058,-0.33801547853818026,-0.24757740982109977,0.6410256410256411,-1.0197867877496458
reduced_exposure_mode,momentum_heavy,3,validation,24,0,1.0,4.780798578912439,3.2415637612067236,1.5392348177057151,-0.11682132905044051,-0.1617839465479347,0.625,1.618092159604834
reduced_exposure_mode,momentum_heavy,5,out_of_sample,33,8,0.8787878787878788,0.26278720622462215,0.4563730558037833,-0.19358584957916114,-0.20377312196060615,-0.17278048838539306,0.5454545454545454,-0.32840482077310074
reduced_exposure_mode,momentum_heavy,5,train,39,12,0.8461538461538461,1.1666319678912291,1.2208251837732145,-0.054193215881985335,-0.24519630844269247,-0.24757740982109977,0.6410256410256411,-0.22407301225454973
reduced_exposure_mode,momentum_heavy,5,validation,24,0,1.0,3.9578010579608103,3.2415637612067236,0.7162372967540866,-0.1542327485983087,-0.1617839465479347,0.625,0.7202717995574692
reduced_exposure_mode,momentum_heavy,10,out_of_sample,33,8,0.8787878787878788,0.31720005965285614,0.4563730558037833,-0.13917299615092715,-0.21229185177072385,-0.17278048838539306,0.5151515151515151,-0.3061809421166173
reduced_exposure_mode,momentum_heavy,10,train,39,12,0.8461538461538461,1.121283352951019,1.2208251837732145,-0.09954183082219537,-0.24042823089154586,-0.24757740982109977,0.6410256410256411,-0.25988547209246654
reduced_exposure_mode,momentum_heavy,10,validation,24,0,1.0,3.9004497688407147,3.2415637612067236,0.6588860076339911,-0.13397491236086156,-0.1617839465479347,0.6666666666666666,0.7242695162456012
reduced_exposure_mode,momentum_heavy,15,out_of_sample,33,8,0.8787878787878788,0.45828959259007496,0.4563730558037833,0.0019165367862916671,-0.18512786175913587,-0.17278048838539306,0.6060606060606061,-0.06530888370167703
reduced_exposure_mode,momentum_heavy,15,train,39,12,0.8461538461538461,0.980019368581937,1.2208251837732145,-0.24080581519127753,-0.2563730626274602,-0.24757740982109977,0.6410256410256411,-0.43303911993337735
reduced_exposure_mode,momentum_heavy,15,validation,24,0,1.0,3.7114036513942477,3.2415637612067236,0.46983989018752403,-0.10614259317599817,-0.1617839465479347,0.6666666666666666,0.590888037168861
reduced_exposure_mode,trend_following,3,out_of_sample,33,8,0.8787878787878788,0.4228772848773159,0.4563730558037833,-0.03349577092646738,-0.17670084663312158,-0.17278048838539306,0.6060606060606061,-0.0838671611624075
reduced_exposure_mode,trend_following,3,train,39,12,0.8461538461538461,0.529370059549674,1.2208251837732145,-0.6914551242235405,-0.345528007549056,-0.24757740982109977,0.6410256410256411,-1.061998318808832
reduced_exposure_mode,trend_following,3,validation,24,0,1.0,5.372737163317145,3.2415637612067236,2.131173402110421,-0.11682132905044074,-0.1617839465479347,0.625,2.2100307440095395
reduced_exposure_mode,trend_following,5,out_of_sample,33,8,0.8787878787878788,0.26828305710006206,0.4563730558037833,-0.18808999870372123,-0.1944053463253923,-0.17278048838539306,0.5454545454545454,-0.3041734186272331
reduced_exposure_mode,trend_following,5,train,39,12,0.8461538461538461,1.3300463727594507,1.2208251837732145,0.10922118898623623,-0.24519630844269247,-0.24757740982109977,0.6923076923076923,-0.03501758174530256
reduced_exposure_mode,trend_following,5,validation,24,0,1.0,4.4008485658099135,3.2415637612067236,1.1592848046031898,-0.10584544592330891,-0.1617839465479347,0.625,1.260093912756572
reduced_exposure_mode,trend_following,10,out_of_sample,33,8,0.8787878787878788,0.29670266705393433,0.4563730558037833,-0.15967038874984896,-0.2201828065621717,-0.17278048838539306,0.5151515151515151,-0.3424602442984348
reduced_exposure_mode,trend_following,10,train,39,12,0.8461538461538461,1.147970054998786,1.2208251837732145,-0.07285512877442857,-0.2358892158232323,-0.24757740982109977,0.6410256410256411,-0.22412073990807263
reduced_exposure_mode,trend_following,10,validation,24,0,1.0,3.6895089607721614,3.2415637612067236,0.44794519956543777,-0.13305828734611946,-0.1617839465479347,0.6666666666666666,0.5151619582065321
reduced_exposure_mode,trend_following,15,out_of_sample,33,8,0.8787878787878788,0.437807500484368,0.4563730558037833,-0.018565555319415283,-0.18816213962719341,-0.17278048838539306,0.6060606060606061,-0.09185953154349907
reduced_exposure_mode,trend_following,15,train,39,12,0.8461538461538461,0.9809798786559178,1.2208251837732145,-0.23984530511729663,-0.25637306262746007,-0.24757740982109977,0.6410256410256411,-0.4320786098593962
reduced_exposure_mode,trend_following,15,validation,24,0,1.0,3.749877270843382,3.2415637612067236,0.5083135096366584,-0.0986030940581748,-0.1617839465479347,0.6666666666666666,0.6444406548536421
reduced_exposure_mode,volume_heavy,3,out_of_sample,33,8,0.8787878787878788,0.09192245907350527,0.4563730558037833,-0.364450596730278,-0.2160389845995222,-0.17278048838539306,0.5151515151515151,-0.5389528083535648
reduced_exposure_mode,volume_heavy,3,train,39,12,0.8461538461538461,0.6742627730855297,1.2208251837732145,-0.5465624106876847,-0.3758428676017356,-0.24757740982109977,0.6666666666666666,-0.9649148125578226
reduced_exposure_mode,volume_heavy,3,validation,24,0,1.0,3.3844051608780026,3.2415637612067236,0.14284139967127896,-0.11786445603019158,-0.1617839465479347,0.625,0.2196124876108958
reduced_exposure_mode,volume_heavy,5,out_of_sample,33,8,0.8787878787878788,0.11674009831843812,0.4563730558037833,-0.33963295748534517,-0.22071276675594564,-0.17278048838539306,0.5757575757575758,-0.49317970311844855
reduced_exposure_mode,volume_heavy,5,train,39,12,0.8461538461538461,1.0755357081292676,1.2208251837732145,-0.1452894756439469,-0.26715352026633643,-0.24757740982109977,0.6666666666666666,-0.34626318284328644
reduced_exposure_mode,volume_heavy,5,validation,24,0,1.0,3.059159009337063,3.2415637612067236,-0.18240475186966076,-0.10994828636964582,-0.1617839465479347,0.625,-0.0898013246089524
reduced_exposure_mode,volume_heavy,10,out_of_sample,33,8,0.8787878787878788,0.312879401247236,0.4563730558037833,-0.14349365455654728,-0.22204976141553812,-0.17278048838539306,0.5151515151515151,-0.33001741981186594
reduced_exposure_mode,volume_heavy,10,train,39,12,0.8461538461538461,1.324017206838496,1.2208251837732145,0.10319202306528164,-0.22854486037990052,-0.24757740982109977,0.6410256410256411,-0.03338487718169886
reduced_exposure_mode,volume_heavy,10,validation,24,0,1.0,3.7001910945020677,3.2415637612067236,0.4586273332953441,-0.13430998985352494,-0.1617839465479347,0.6666666666666666,0.5233406869216275
reduced_exposure_mode,volume_heavy,15,out_of_sample,33,8,0.8787878787878788,0.39610430822168374,0.4563730558037833,-0.06026874758209955,-0.18726698290182175,-0.17278048838539306,0.6060606060606061,-0.13177241035544002
reduced_exposure_mode,volume_heavy,15,train,39,12,0.8461538461538461,1.032703681983997,1.2208251837732145,-0.1881215017892175,-0.25957275377337075,-0.24757740982109977,0.6153846153846154,-0.3995747016436513
reduced_exposure_mode,volume_heavy,15,validation,24,0,1.0,3.910748731211065,3.2415637612067236,0.6691849700043413,-0.09063057305870559,-0.1617839465479347,0.6666666666666666,0.8212571572202634
