symbol,selection_count,avg_next_month_return,median_next_month_return,worst_next_month_return,best_next_month_return
ASELS.IS,955,0.057607914976634374,0.05355131883687014,-0.1501622522420777,0.5133184225421419
PGSUS.IS,901,0.05500019367478757,0.03403195746534782,-0.2657856343993582,0.5467835759167563
THYAO.IS,937,0.04741950676137738,0.0037537636029680854,-0.2680250595027517,0.450396810946295
YKBNK.IS,905,0.04361555200884101,0.04285989248565247,-0.23741337091059822,0.4821051277328645
TOASO.IS,1013,0.039412468839685806,0.03596406917042505,-0.27216005609718075,0.46343535271096425
TUPRS.IS,1101,0.037456853676906966,0.0028745654973267865,-0.2504940258992824,0.36460344278286616
FROTO.IS,1040,0.037167312157184454,0.009999960354700743,-0.322909899652155,0.3476631144112212
BIMAS.IS,1192,0.03670192806457407,0.02858851272691809,-0.13669049888162532,0.26744869177971053
SISE.IS,972,0.036328278696136064,0.028402947080022667,-0.2003424881754876,0.44919160076945897
KCHOL.IS,1070,0.03569130972880967,0.018527833044622355,-0.23515994326578116,0.3159897615429912
GARAN.IS,948,0.035032895353516474,0.03236521444393192,-0.2500000846288143,0.5840220581204423
SAHOL.IS,1005,0.03377722414582115,0.037735805700594094,-0.17938919144494025,0.3010083778594135
EREGL.IS,1004,0.027500889827604274,0.025358455916951295,-0.20643287230406004,0.34229394009645087
AKBNK.IS,866,0.025124032557613037,0.011111091669335105,-0.2444223565160505,0.3831682654708304
ARCLK.IS,877,0.02186523041528327,0.024830762745738255,-0.2505543581659465,0.3499480361534584
TCELL.IS,966,0.01854217234157825,0.010040061320325977,-0.17377807054898764,0.4242424172796493
PETKM.IS,748,0.010085650861916647,0.0,-0.18186369375089106,0.6057907362323618
