symbol,selection_count,avg_next_month_return,median_next_month_return,best_next_month_return,worst_next_month_return,avg_score,avg_momentum_1m,avg_momentum_3m,avg_momentum_6m,avg_volume_change,avg_volatility,avg_ma_trend_signal,avg_relative_strength_vs_bist100,avg_daily_traded_value_21,illiquid_selection_rate,speculative_selection_rate
BIMAS.IS,1192,0.03751174307553189,0.028591566705564952,0.267448666235208,-0.1366906016450785,0.6887966344255823,0.04785982390589542,0.14736441814929901,0.2819450636432294,0.004205966714567303,0.021537909272946704,0.822986577181208,0.034234779374258895,1296702598.3919077,0.0,0.0
TUPRS.IS,1101,0.03807958965520247,0.0028745654973267865,0.36460344278286616,-0.25049399980121234,0.6737511353315168,0.07635707093326201,0.20663456125534113,0.3865644877654312,0.02742038888790304,0.023939418529014565,0.7679382379654859,0.05781248083997222,2363956586.7603264,0.0,0.048138056312443236
KCHOL.IS,1070,0.03651737354517349,0.019403093007611227,0.31598987071360685,-0.23515992743041247,0.6276044529961518,0.0460146392297604,0.14074075869186997,0.2595114887566522,0.018291520011663266,0.02246762610894215,0.7462616822429906,0.021433699194886732,1809137891.6179469,0.0,0.0
FROTO.IS,1040,0.037505944040290666,0.015276304255580575,0.3476630664300244,-0.3229100563912761,0.6532296380090498,0.05934736193001617,0.16031205163169743,0.324190022023026,0.05307366832778651,0.02554662293421029,0.7783653846153846,0.041047658445478426,620998688.0645742,0.0,0.05961538461538462
TOASO.IS,1013,0.03985986095304108,0.04054054054054057,0.463435754609975,-0.27216000926545525,0.6575706985657047,0.0772753112542143,0.20736259213235567,0.3889936083332725,0.03359437925721207,0.025899820557608574,0.8223099703849951,0.05268874901614715,578677374.3847026,0.0,0.07601184600197433
SAHOL.IS,1005,0.03384552537820633,0.03773580964204526,0.301008462110657,-0.1793893039588118,0.5924568334796605,0.050441662097056625,0.12433065193881285,0.23943328242055922,0.025729328261226755,0.02319870554829777,0.7318407960199005,0.015221442740464868,1185427293.7679243,0.0,0.0
EREGL.IS,1004,0.027464840134352343,0.021957580775389562,0.34229394009645087,-0.20643287230406004,0.6627372861495195,0.05490944774381364,0.16709268163040528,0.299950895291271,0.019803536841490128,0.0236924410289404,0.7699203187250996,0.04214356535317662,2545584511.182535,0.0,0.018924302788844622
SISE.IS,972,0.036442853110147694,0.028402947080022667,0.44919189345641874,-0.2003425844584641,0.6364484991527475,0.06078166434128083,0.14961735262323217,0.2799162686691712,0.07063612684502675,0.02385360491448291,0.7335390946502057,0.03621952998650958,1323613637.3985531,0.0,0.0
TCELL.IS,966,0.018551085993869128,0.010040143483910136,0.42424253216543506,-0.173778121353802,0.6167382170259408,0.03984822998683048,0.10267158525992531,0.19776881354457299,0.017798511928524472,0.022203426263548185,0.7401656314699793,0.023182581942898177,1196483576.4989476,0.0,0.015527950310559006
ASELS.IS,955,0.05754362378965304,0.05355131883687014,0.5133183934505212,-0.15016232040900912,0.6674961502925778,0.08836148821860619,0.2362131936689486,0.4926720978719439,0.046017333990109426,0.02689194968006983,0.8361256544502618,0.06428731127840488,3692499595.7809873,0.0,0.012565445026178011
GARAN.IS,948,0.03516908536377502,0.03311743610603668,0.5840219317952176,-0.24999996614847197,0.6270988458674609,0.06849212371543698,0.18588320757331145,0.32674965519331794,-0.0009963487279643012,0.02626566956388097,0.7979957805907173,0.043886633261854706,2060611021.3700783,0.0,0.07805907172995781
THYAO.IS,937,0.047526019582267064,0.0037537636029680854,0.4503966985703727,-0.2680249848335805,0.6297633247535941,0.07640425872192068,0.20695586769598134,0.45863072391292375,0.0030646533756267004,0.025398282295261764,0.7214514407684098,0.04367345622178503,6479270281.8775835,0.0,0.06510138740661686
YKBNK.IS,905,0.043710975560901234,0.044325978981238356,0.4821052970742916,-0.23741337091059822,0.6129021774455639,0.07275217482708334,0.17878904783121338,0.3187522512064564,0.03118897202901967,0.02728216589247345,0.7900552486187845,0.04068895036434925,2801226020.023449,0.0,0.05966850828729282
PGSUS.IS,901,0.05501640337848412,0.03403195746534782,0.5467835759167563,-0.2657856343993582,0.6559525363974669,0.104163363897626,0.26719831577616304,0.5457473088931296,0.008717801076992706,0.02948128903642832,0.7991120976692564,0.06969251782308367,1059365666.2931119,0.0,0.05660377358490566
ARCLK.IS,877,0.02192326894703375,0.02483068165166258,0.3499480361534584,-0.2505543879705562,0.6126115098262794,0.05624572051448482,0.15691428760863085,0.2752177715440459,0.010980240707298234,0.02380967864783835,0.7696693272519954,0.033802886589762444,287703535.674472,0.0,0.03420752565564424
AKBNK.IS,866,0.025400097578330828,0.011111091669335105,0.3831684092606422,-0.2444223565160505,0.5971114658334465,0.06948710843698193,0.16742576831813277,0.28801549201661286,0.01991742538188166,0.027012614472163844,0.7598152424942263,0.040616893047106944,3284329099.066292,0.0,0.06581986143187067
PETKM.IS,748,0.009763715308529507,0.0,0.6057907362323618,-0.18186369375089106,0.5839473891160742,0.06387072950415172,0.13189926877560998,0.20934611568876954,0.059848561974748776,0.02546764383217756,0.6758021390374331,0.03971104743056765,1221064787.750838,0.0,0.00267379679144385
