model,period,portfolio_size,transaction_cost,strategy,months,strategy_total_return,bist100_total_return,excess_return_over_benchmark,avg_monthly_return,strategy_max_drawdown,bist100_max_drawdown,win_rate,selection_score,best_month,best_month_return,worst_month,worst_month_return
low_volatility,out_of_sample,3,0.001,top_3,33,0.5664500360600042,0.4441212218732671,0.12232881418673713,0.016761971116090877,-0.2427896203000579,-0.17278048838539306,0.5454545454545454,-0.09052315368610597,2025-12-31,0.22663421582652699,2024-07-31,-0.11530061895744981
low_volatility,out_of_sample,3,0.002,top_3,33,0.5161056097234344,0.4441212218732671,0.07198438785016736,0.015761971116090876,-0.246033440796127,-0.17278048838539306,0.5454545454545454,-0.1473552210148139,2025-12-31,0.22563421582652698,2024-07-31,-0.11630061895744981
low_volatility,out_of_sample,3,0.005,top_3,33,0.37430531374526965,0.4441212218732671,-0.06981590812799743,0.012761971116090875,-0.2557024189729934,-0.17278048838539306,0.48484848484848486,-0.3387965036497418,2025-12-31,0.22263421582652698,2024-07-31,-0.11930061895744981
low_volatility,out_of_sample,3,0.01,top_3,33,0.16606105837121654,0.4441212218732671,-0.27806016350205054,0.007761971116090875,-0.27161044400567513,-0.17278048838539306,0.48484848484848486,-0.5788568090891584,2025-12-31,0.21763421582652698,2024-07-31,-0.1243006189574498
low_volatility,out_of_sample,5,0.001,top_5,33,0.3690885174802643,0.4441212218732671,-0.0750327043930028,0.011934540398539535,-0.22155743148928253,-0.17278048838539306,0.5151515151515151,-0.2605718097958103,2025-12-31,0.21877324295211598,2025-03-31,-0.12862913080472396
low_volatility,out_of_sample,5,0.002,top_5,33,0.32493848356467403,0.4441212218732671,-0.11918273830859305,0.010934540398539534,-0.22486788915198808,-0.17278048838539306,0.5151515151515151,-0.31134275903681163,2025-12-31,0.21777324295211598,2025-03-31,-0.12962913080472396
low_volatility,out_of_sample,5,0.005,top_5,33,0.20061245577426368,0.4441212218732671,-0.2435087660990034,0.007934540398539535,-0.24671128379880458,-0.17278048838539306,0.5151515151515151,-0.479355576120855,2025-12-31,0.21477324295211597,2025-03-31,-0.13262913080472397
low_volatility,out_of_sample,5,0.01,top_5,33,0.01811047394323584,0.4441212218732671,-0.42601074793003124,0.002934540398539535,-0.3093602045893752,-0.17278048838539306,0.5151515151515151,-0.787155399533024,2025-12-31,0.20977324295211597,2025-03-31,-0.13762913080472397
low_volatility,out_of_sample,10,0.001,top_10,33,0.3423838096866867,0.4441212218732671,-0.10173741218658039,0.011019867257707672,-0.16999942748665398,-0.17278048838539306,0.5151515151515151,-0.18416050958413077,2025-12-31,0.22186934419838458,2025-03-31,-0.08808811397428397
low_volatility,out_of_sample,10,0.002,top_10,33,0.2990835616295857,0.4441212218732671,-0.14503766024368137,0.010019867257707671,-0.17924835463765065,-0.17278048838539306,0.5151515151515151,-0.2459586119432251,2025-12-31,0.22086934419838458,2025-03-31,-0.08908811397428397
low_volatility,out_of_sample,10,0.005,top_10,33,0.1771527388987213,0.4441212218732671,-0.2669684829745458,0.007019867257707672,-0.20643594230330742,-0.17278048838539306,0.48484848484848486,-0.4374161251569182,2025-12-31,0.21786934419838458,2025-03-31,-0.09208811397428397
low_volatility,out_of_sample,10,0.01,top_10,33,-0.0018267464954012658,0.4441212218732671,-0.44594796836866835,0.002019867257707673,-0.24993515707014613,-0.17278048838539306,0.48484848484848486,-0.7033940400847182,2025-12-31,0.21286934419838457,2025-03-31,-0.09708811397428396
low_volatility,out_of_sample,15,0.001,top_15,33,0.5908688673010101,0.4441212218732671,0.146747645427743,0.016235672999883172,-0.15280042691537388,-0.17278048838539306,0.5757575757575758,0.12902557947578314,2025-12-31,0.21931431748642263,2024-09-30,-0.09144945097987431
low_volatility,out_of_sample,15,0.002,top_15,33,0.539812794900949,0.4441212218732671,0.09569157302768194,0.015235672999883175,-0.15633051199306525,-0.17278048838539306,0.5757575757575758,0.07090933692033935,2025-12-31,0.21831431748642263,2024-09-30,-0.09244945097987431
low_volatility,out_of_sample,15,0.005,top_15,33,0.395995470628274,0.4441212218732671,-0.048125751244993076,0.012235672999883172,-0.17610684326055404,-0.17278048838539306,0.5454545454545454,-0.12761216503882844,2025-12-31,0.21531431748642263,2024-09-30,-0.09544945097987431
low_volatility,out_of_sample,15,0.01,top_15,33,0.18475166862132464,0.4441212218732671,-0.25936955325194244,0.00723567299988317,-0.22111872413041733,-0.17278048838539306,0.5151515151515151,-0.44403124393701954,2025-12-31,0.21031431748642263,2024-09-30,-0.1004494509798743
low_volatility,train,3,0.001,top_3,43,2.047198963268356,1.075422626952499,0.9717763363158571,0.028990151341410534,-0.15962073874990357,-0.24757740982109977,0.6744186046511628,0.9897441611416313,2021-10-31,0.2316608429153132,2019-02-28,-0.12505172026935496
low_volatility,train,3,0.002,top_3,43,1.9217746218038405,1.075422626952499,0.8463519948513416,0.02799015134141054,-0.1664797976786505,-0.24757740982109977,0.6511627906976745,0.8389737948428778,2021-10-31,0.2306608429153132,2019-02-28,-0.12605172026935496
low_volatility,train,3,0.005,top_3,43,1.5749959159988913,1.075422626952499,0.4995732890463924,0.02499015134141054,-0.18676412440420986,-0.24757740982109977,0.6511627906976745,0.4516264355868099,2021-10-31,0.2276608429153132,2019-02-28,-0.12905172026935496
low_volatility,train,3,0.01,top_3,43,1.0843207561057362,1.075422626952499,0.008898129153237289,0.01999015134141054,-0.21961300270187112,-0.24757740982109977,0.6046511627906976,-0.12800229485515613,2021-10-31,0.22266084291531318,2019-02-28,-0.13405172026935497
low_volatility,train,5,0.001,top_5,43,1.6905893028518495,1.075422626952499,0.6151666758993506,0.026115003356166157,-0.2130134268204359,-0.24757740982109977,0.6046511627906976,0.4914654036538276,2021-10-31,0.2358088999035316,2020-02-29,-0.14270498997778147
low_volatility,train,5,0.002,top_5,43,1.5795173721944904,1.075422626952499,0.5040947452419915,0.02511500335616616,-0.2233933090419261,-0.24757740982109977,0.6046511627906976,0.3596337085534881,2021-10-31,0.2348088999035316,2020-02-29,-0.14370498997778147
low_volatility,train,5,0.005,top_5,43,1.272495594138595,1.075422626952499,0.19707296718609602,0.022115003356166164,-0.25377986010093634,-0.24757740982109977,0.5813953488372093,-0.019789078597171994,2021-10-31,0.2318088999035316,2020-02-29,-0.14670498997778147
low_volatility,train,5,0.01,top_5,43,0.8382873116034688,1.075422626952499,-0.2371353153490301,0.017115003356166163,-0.3019968730543,-0.24757740982109977,0.5813953488372093,-0.5504313870390254,2021-10-31,0.2268088999035316,2020-02-29,-0.15170498997778148
low_volatility,train,10,0.001,top_10,43,1.7728574227958305,1.075422626952499,0.6974347958433316,0.02693824728516774,-0.22311671228449026,-0.24757740982109977,0.6046511627906976,0.5535269526696999,2021-10-31,0.2439543646565638,2020-02-29,-0.16691448139820148
low_volatility,train,10,0.002,top_10,43,1.6584554243640288,1.075422626952499,0.5830327974115299,0.025938247285167745,-0.22565622560161136,-0.24757740982109977,0.5813953488372093,0.42241802062691186,2021-10-31,0.2429543646565638,2020-02-29,-0.16791448139820148
low_volatility,train,10,0.005,top_10,43,1.342213443841008,1.075422626952499,0.26679081688850914,0.022938247285167745,-0.23324164136958125,-0.24757740982109977,0.5813953488372093,0.0910052085679513,2021-10-31,0.2399543646565638,2020-02-29,-0.17091448139820148
low_volatility,train,10,0.01,top_10,43,0.8949218534754546,1.075422626952499,-0.1805007734770443,0.01793824728516774,-0.2457739470382173,-0.24757740982109977,0.5581395348837209,-0.39297890011161846,2021-10-31,0.2349543646565638,2020-02-29,-0.17591448139820148
low_volatility,train,15,0.001,top_15,43,1.8097947273408135,1.075422626952499,0.7343721003883146,0.02738674547141081,-0.2439596056532698,-0.24757740982109977,0.627906976744186,0.560406377453868,2021-10-31,0.2169974375298413,2020-02-29,-0.16729050238775658
low_volatility,train,15,0.002,top_15,43,1.6938857782612393,1.075422626952499,0.6184631513087404,0.026386745471410813,-0.24569924330171333,-0.24757740982109977,0.627906976744186,0.44101815307740677,2021-10-31,0.2159974375298413,2020-02-29,-0.16829050238775659
low_volatility,train,15,0.005,top_15,43,1.3734740060233932,1.075422626952499,0.2980513790708943,0.023386745471410814,-0.2509829376496556,-0.24757740982109977,0.5813953488372093,0.08678317819018772,2021-10-31,0.2129974375298413,2020-02-29,-0.1712905023877566
low_volatility,train,15,0.01,top_15,43,0.9202730279261062,1.075422626952499,-0.1551495990263927,0.018386745471410816,-0.26332251876339297,-0.24757740982109977,0.5348837209302325,-0.41435277608806237,2021-10-31,0.2079974375298413,2020-02-29,-0.1762905023877566
low_volatility,validation,3,0.001,top_3,24,4.271271822144823,3.2415637612067236,1.0297080609380993,0.07779193285955138,-0.10255044246792944,-0.1617839465479347,0.6666666666666666,1.1579405093355737,2023-05-31,0.3388187662493121,2022-12-31,-0.08248909316199231
low_volatility,validation,3,0.002,top_3,24,4.153850413370189,3.2415637612067236,0.9122866521634654,0.07679193285955137,-0.10623627004540559,-0.1617839465479347,0.6666666666666666,1.0331474454059875,2023-05-31,0.3378187662493121,2022-12-31,-0.08348909316199231
low_volatility,validation,3,0.005,top_3,24,3.816429322259377,3.2415637612067236,0.5748655610526532,0.07379193285955138,-0.11841889177837184,-0.1617839465479347,0.5833333333333334,0.6296944441625763,2023-05-31,0.3348187662493121,2022-12-31,-0.08648909316199231
low_volatility,validation,3,0.01,top_3,24,3.3005802213669417,3.2415637612067236,0.05901646016021811,0.06879193285955137,-0.14080811686752404,-0.1617839465479347,0.5833333333333334,0.06906689309183672,2023-05-31,0.3298187662493121,2022-12-31,-0.0914890931619923
low_volatility,validation,5,0.001,top_5,24,4.471977277246199,3.2415637612067236,1.2304135160394756,0.07896226020246495,-0.10788382372014682,-0.1617839465479347,0.7083333333333334,1.3688125352658487,2023-05-31,0.2831248470077561,2023-09-30,-0.08549470679905377
low_volatility,validation,5,0.002,top_5,24,4.350316090532271,3.2415637612067236,1.1087523293255472,0.07796226020246495,-0.11155265481213983,-0.1617839465479347,0.7083333333333334,1.2398136863679343,2023-05-31,0.2821248470077561,2023-09-30,-0.08649470679905377
low_volatility,validation,5,0.005,top_5,24,4.000683157659087,3.2415637612067236,0.7591193964523635,0.07496226020246495,-0.12249130810752185,-0.1617839465479347,0.7083333333333334,0.8683034469039865,2023-05-31,0.2791248470077561,2023-09-30,-0.08949470679905377
low_volatility,validation,5,0.01,top_5,24,3.4660770320093004,3.2415637612067236,0.22451327080257677,0.06996226020246495,-0.1404976591619046,-0.1617839465479347,0.7083333333333334,0.29768461914543426,2023-05-31,0.2741248470077561,2023-09-30,-0.09449470679905377
low_volatility,validation,10,0.001,top_10,24,3.9534122178701887,3.2415637612067236,0.7118484566634651,0.07445311845472219,-0.10363174767011651,-0.1617839465479347,0.6666666666666666,0.8379182946565653,2022-07-31,0.26018279458819393,2023-09-30,-0.10363174767011649
low_volatility,validation,10,0.002,top_10,24,3.842829952272358,3.2415637612067236,0.6012661910656343,0.0734531184547222,-0.10463174767011652,-0.1617839465479347,0.6666666666666666,0.7253360290587345,2022-07-31,0.25918279458819393,2023-09-30,-0.10463174767011649
low_volatility,validation,10,0.005,top_10,24,3.52509225953445,3.2415637612067236,0.2835284983277262,0.0704531184547222,-0.10763174767011652,-0.1617839465479347,0.6666666666666666,0.4015983363208265,2022-07-31,0.25618279458819393,2023-09-30,-0.10763174767011649
low_volatility,validation,10,0.01,top_10,24,3.039428825844281,3.2415637612067236,-0.20213493536244265,0.06545311845472221,-0.11263174767011652,-0.1617839465479347,0.6666666666666666,-0.09406509736934238,2022-07-31,0.2511827945881939,2023-09-30,-0.11263174767011648
low_volatility,validation,15,0.001,top_15,24,3.6985321736394496,3.2415637612067236,0.456968412432726,0.07213842986926894,-0.101637657506076,-0.1617839465479347,0.6666666666666666,0.5870264307539073,2022-07-31,0.2986741226959079,2023-09-30,-0.10163765750607598
low_volatility,validation,15,0.002,top_15,24,3.593410554097308,3.2415637612067236,0.3518467928905844,0.07113842986926892,-0.10263765750607601,-0.1617839465479347,0.6666666666666666,0.4799048112117657,2022-07-31,0.2976741226959079,2023-09-30,-0.10263765750607598
low_volatility,validation,15,0.005,top_15,24,3.2913917988142867,3.2415637612067236,0.04982803760756305,0.06813842986926893,-0.10563765750607601,-0.1617839465479347,0.6666666666666666,0.17188605592874434,2022-07-31,0.29467412269590787,2023-09-30,-0.10563765750607598
low_volatility,validation,15,0.01,top_15,24,2.8298432922137065,3.2415637612067236,-0.4117204689930172,0.06313842986926892,-0.11063765750607613,-0.1617839465479347,0.6666666666666666,-0.2996624506718361,2022-07-31,0.28967412269590787,2023-09-30,-0.11063765750607597
mixed_model,out_of_sample,3,0.001,top_3,33,0.4562803195506513,0.4441212218732671,0.012159097677384212,0.014208195226891965,-0.18472988004255442,-0.17278048838539306,0.6060606060606061,-0.054270359377421584,2025-12-31,0.2395056375071013,2026-02-28,-0.12960109111342613
mixed_model,out_of_sample,3,0.002,top_3,33,0.4093878048635675,0.4441212218732671,-0.03473341700969956,0.013208195226891963,-0.18735219315088236,-0.17278048838539306,0.5757575757575758,-0.12155901543267639,2025-12-31,0.2385056375071013,2026-02-28,-0.13060109111342613
mixed_model,out_of_sample,3,0.005,top_3,33,0.27732631399168106,0.4441212218732671,-0.16679490788158602,0.010208195226891965,-0.1951854688152077,-0.17278048838539306,0.5151515151515151,-0.29959008793624387,2025-12-31,0.2355056375071013,2026-02-28,-0.13360109111342613
mixed_model,out_of_sample,3,0.01,top_3,33,0.08343185058272562,0.4441212218732671,-0.36068937129054146,0.005208195226891965,-0.2194383441912392,-0.17278048838539306,0.42424242424242425,-0.5874448475518077,2025-12-31,0.2305056375071013,2026-02-28,-0.13860109111342614
mixed_model,out_of_sample,5,0.001,top_5,33,0.36486665591777157,0.4441212218732671,-0.07925456595549552,0.012096346339034444,-0.19180015052953725,-0.17278048838539306,0.5151515151515151,-0.20527910943881245,2025-12-31,0.2364717394308512,2024-09-30,-0.11950024000619797
mixed_model,out_of_sample,5,0.002,top_5,33,0.32083867004723987,0.4441212218732671,-0.12328255182602721,0.011096346339034443,-0.1944054325994402,-0.17278048838539306,0.5151515151515151,-0.25451765944915006,2025-12-31,0.2354717394308512,2024-09-30,-0.12050024000619797
mixed_model,out_of_sample,5,0.005,top_5,33,0.19685877207748237,0.4441212218732671,-0.2472624497957847,0.008096346339034444,-0.21346454065686515,-0.17278048838539306,0.5151515151515151,-0.41661577353375745,2025-12-31,0.2324717394308512,2024-09-30,-0.12350024000619797
mixed_model,out_of_sample,5,0.01,top_5,33,0.014872130224003799,0.4441212218732671,-0.4292490916492633,0.003096346339034447,-0.25289907794848987,-0.17278048838539306,0.5151515151515151,-0.6774714899704855,2025-12-31,0.2274717394308512,2024-09-30,-0.12850024000619797
mixed_model,out_of_sample,10,0.001,top_10,33,0.4793421474603283,0.4441212218732671,0.03522092558706125,0.01442813302223085,-0.18803073597921427,-0.17278048838539306,0.5151515151515151,-0.08326478879560972,2025-12-31,0.24168888848018175,2024-09-30,-0.1013951968286592
mixed_model,out_of_sample,10,0.002,top_10,33,0.43174262142950526,0.4441212218732671,-0.012378600443761822,0.01342813302223085,-0.19710041461356487,-0.17278048838539306,0.5151515151515151,-0.149003672095134,2025-12-31,0.24068888848018175,2024-09-30,-0.1023951968286592
mixed_model,out_of_sample,10,0.005,top_10,33,0.2976837528379168,0.4441212218732671,-0.14643746903535027,0.01042813302223085,-0.2237598322177322,-0.17278048838539306,0.5151515151515151,-0.3363813758950571,2025-12-31,0.23768888848018174,2024-09-30,-0.10539519682865921
mixed_model,out_of_sample,10,0.01,top_10,33,0.10083820579939795,0.4441212218732671,-0.34328301607386913,0.005428133022230853,-0.2664099262205354,-0.17278048838539306,0.48484848484848486,-0.6336786260906975,2025-12-31,0.23268888848018174,2024-09-30,-0.1103951968286592
mixed_model,out_of_sample,15,0.001,top_15,33,0.6442749971833135,0.4441212218732671,0.2001537753100464,0.01727064244580078,-0.16037890415924339,-0.17278048838539306,0.6060606060606061,0.18242627002186268,2025-12-31,0.2229360943954209,2024-09-30,-0.09144945097987432
mixed_model,out_of_sample,15,0.002,top_15,33,0.5915560506193955,0.4441212218732671,0.14743482874612845,0.01627064244580078,-0.16444761879080982,-0.17278048838539306,0.6060606060606061,0.12156989419481185,2025-12-31,0.2219360943954209,2024-09-30,-0.09244945097987432
mixed_model,out_of_sample,15,0.005,top_15,33,0.44304548030134905,0.4441212218732671,-0.0010757415719180319,0.013270642445800781,-0.18964956751306494,-0.17278048838539306,0.5757575757575758,-0.09249608871926002,2025-12-31,0.2189360943954209,2024-09-30,-0.09544945097987433
mixed_model,out_of_sample,15,0.01,top_15,33,0.22488095765778615,0.4441212218732671,-0.21924026421548093,0.008270642445800785,-0.2310562731391388,-0.17278048838539306,0.48484848484848486,-0.4389285680695161,2025-12-31,0.21393609439542088,2024-09-30,-0.10044945097987432
mixed_model,train,3,0.001,top_3,43,1.1405920152487985,1.075422626952499,0.06516938829629959,0.02161239823917107,-0.34061336154819943,-0.24757740982109977,0.627906976744186,-0.30210384642800625,2021-10-31,0.23640879433263795,2020-02-29,-0.24828406333569844
mixed_model,train,3,0.002,top_3,43,1.0516672620120247,1.075422626952499,-0.023755364940474255,0.020612398239171072,-0.34552794983393753,-0.24757740982109977,0.627906976744186,-0.4008577762362563,2021-10-31,0.23540879433263795,2020-02-29,-0.24928406333569844
mixed_model,train,3,0.005,top_3,43,0.8059917812080684,1.075422626952499,-0.26943084574443055,0.017612398239171073,-0.3600842255289365,-0.24757740982109977,0.627906976744186,-0.6756458084302105,2021-10-31,0.23240879433263795,2020-02-29,-0.2522840633356984
mixed_model,train,3,0.01,top_3,43,0.4589065434544468,1.075422626952499,-0.6165160834980521,0.012612398239171072,-0.38372963020374395,-0.24757740982109977,0.6046511627906976,-1.081649762510191,2021-10-31,0.22740879433263794,2020-02-29,-0.2572840633356984
mixed_model,train,5,0.001,top_5,43,2.4251700930316997,1.075422626952499,1.3497474660792008,0.032000515226783106,-0.24270110320422666,-0.24757740982109977,0.6744186046511628,1.2015545619963288,2021-10-31,0.20338354784025642,2020-02-29,-0.15355181571252569
mixed_model,train,5,0.002,top_5,43,2.2845258197397524,1.075422626952499,1.2091031927872535,0.031000515226783112,-0.24519626441425058,-0.24757740982109977,0.6744186046511628,1.0559199662843337,2021-10-31,0.20238354784025642,2020-02-29,-0.1545518157125257
mixed_model,train,5,0.005,top_5,43,1.89558870873126,1.075422626952499,0.820166081778761,0.028000515226783106,-0.2526489219648108,-0.24757740982109977,0.6744186046511628,0.6520775401747207,2021-10-31,0.19938354784025641,2020-02-29,-0.1575518157125257
mixed_model,train,5,0.01,top_5,43,1.3450404708743342,1.075422626952499,0.2696178439218353,0.02300051522678311,-0.2649609576173697,-0.24757740982109977,0.6046511627906976,0.0420215100824447,2021-10-31,0.1943835478402564,2020-02-29,-0.1625518157125257
mixed_model,train,10,0.001,top_10,43,1.8785468651489303,1.075422626952499,0.8031242381964314,0.02783468332735858,-0.24390846543768152,-0.24757740982109977,0.6511627906976745,0.6408887026699056,2021-10-31,0.22810189717264387,2020-02-29,-0.1653810571265779
mixed_model,train,10,0.002,top_10,43,1.7598799690717004,1.075422626952499,0.6844573421192015,0.026834683327358576,-0.24564799664269377,-0.24757740982109977,0.6511627906976745,0.5187427441826512,2021-10-31,0.22710189717264387,2020-02-29,-0.1663810571265779
mixed_model,train,10,0.005,top_10,43,1.4318264561337406,1.075422626952499,0.3564038291812417,0.023834683327358577,-0.25085459025773027,-0.24757740982109977,0.6511627906976745,0.1802760440146184,2021-10-31,0.22410189717264387,2020-02-29,-0.16938105712657792
mixed_model,train,10,0.01,top_10,43,0.9677659536876635,1.075422626952499,-0.10765667326483541,0.018834683327358583,-0.2594922462827912,-0.24757740982109977,0.627906976744186,-0.3126876774583248,2021-10-31,0.21910189717264386,2020-02-29,-0.17438105712657792
mixed_model,train,15,0.001,top_15,43,1.6521359239268034,1.075422626952499,0.5767132969743045,0.026212872455318937,-0.25464592231371375,-0.24757740982109977,0.6046511627906976,0.36974703374222584,2021-10-31,0.22025654334553263,2020-02-29,-0.17166673910553726
mixed_model,train,15,0.002,top_15,43,1.5425651156332822,1.075422626952499,0.46714248868078334,0.025212872455318936,-0.2563730794895399,-0.24757740982109977,0.6046511627906976,0.25672191109705234,2021-10-31,0.21925654334553263,2020-02-29,-0.17266673910553726
mixed_model,train,15,0.005,top_15,43,1.239711969941737,1.075422626952499,0.16428934298923803,0.022212872455318933,-0.26161824219933827,-0.24757740982109977,0.5581395348837209,-0.07987737396757805,2021-10-31,0.21625654334553263,2020-02-29,-0.17566673910553726
mixed_model,train,15,0.01,top_15,43,0.8114542436752039,1.075422626952499,-0.263968383277295,0.017212872455318936,-0.27384255738413754,-0.24757740982109977,0.5348837209302325,-0.5442116375804538,2021-10-31,0.21125654334553262,2020-02-29,-0.18066673910553727
mixed_model,validation,3,0.001,top_3,24,4.659311777781087,3.2415637612067236,1.4177480165743637,0.0822003359476219,-0.11582134517720699,-0.1617839465479347,0.6666666666666666,1.519438659553283,2022-09-30,0.31142015640200543,2023-09-30,-0.11582134517720695
mixed_model,validation,3,0.002,top_3,24,4.533458804094612,3.2415637612067236,1.2918950428878881,0.08120033594762191,-0.11682134517720699,-0.1617839465479347,0.6666666666666666,1.3915856858668074,2022-09-30,0.31042015640200543,2023-09-30,-0.11682134517720695
mixed_model,validation,3,0.005,top_3,24,4.171780584802006,3.2415637612067236,0.9302168235952823,0.0782003359476219,-0.11982134517720688,-0.1617839465479347,0.6666666666666666,1.0239074665742018,2022-09-30,0.30742015640200543,2023-09-30,-0.11982134517720695
mixed_model,validation,3,0.01,top_3,24,3.618760648628202,3.2415637612067236,0.37719688742147817,0.07320033594762192,-0.12497932876682594,-0.1617839465479347,0.6666666666666666,0.4605715632211596,2022-09-30,0.3024201564020054,2023-09-30,-0.12482134517720694
mixed_model,validation,5,0.001,top_5,24,4.92691611541894,3.2415637612067236,1.685352354212216,0.08358963434152004,-0.10484547307956626,-0.1617839465479347,0.6666666666666666,1.8089947413864167,2022-09-30,0.3083585501744959,2022-08-31,-0.10484547307956622
mixed_model,validation,5,0.002,top_5,24,4.795450705705884,3.2415637612067236,1.55388694449916,0.08258963434152004,-0.10584547307956627,-0.1617839465479347,0.625,1.6546959983400276,2022-09-30,0.3073585501744959,2022-08-31,-0.10584547307956622
mixed_model,validation,5,0.005,top_5,24,4.417602274418356,3.2415637612067236,1.1760385132116324,0.07958963434152004,-0.10884547307956627,-0.1617839465479347,0.625,1.2708475670525,2022-09-30,0.3043585501744959,2022-08-31,-0.10884547307956623
mixed_model,validation,5,0.01,top_5,24,3.839730836985339,3.2415637612067236,0.5981670757786155,0.07458963434152004,-0.11384547307956616,-0.1617839465479347,0.625,0.6829761296194832,2022-09-30,0.2993585501744959,2022-08-31,-0.11384547307956622
mixed_model,validation,10,0.001,top_10,24,3.9672732810556273,3.2415637612067236,0.7257095198489036,0.07474741674416795,-0.11956146733598993,-0.1617839465479347,0.6666666666666666,0.819919918510257,2022-07-31,0.2802831253090241,2023-09-30,-0.0877849299661297
mixed_model,validation,10,0.002,top_10,24,3.856381465088279,3.2415637612067236,0.6148177038815552,0.07374741674416795,-0.12319351803983358,-0.1617839465479347,0.6666666666666666,0.7017640011352213,2022-07-31,0.2792831253090241,2023-09-30,-0.0887849299661297
mixed_model,validation,10,0.005,top_10,24,3.537754259783201,3.2415637612067236,0.29619049857647717,0.07074741674416794,-0.13402229333939497,-0.1617839465479347,0.6666666666666666,0.36147924523102054,2022-07-31,0.2762831253090241,2023-09-30,-0.0917849299661297
mixed_model,validation,10,0.01,top_10,24,3.05073098499248,3.2415637612067236,-0.19083277621424344,0.06574741674416797,-0.15184705342758253,-0.1617839465479347,0.6666666666666666,-0.1611935497360752,2022-07-31,0.2712831253090241,2023-09-30,-0.0967849299661297
mixed_model,validation,15,0.001,top_15,24,3.637200619898178,3.2415637612067236,0.3956368586914545,0.07144036581125689,-0.10514258183976555,-0.1617839465479347,0.6666666666666666,0.5186850283452566,2023-06-30,0.2774430283012032,2023-09-30,-0.10514258183976553
mixed_model,validation,15,0.002,top_15,24,3.533403827999442,3.2415637612067236,0.29184006679271857,0.0704403658112569,-0.10614258183976555,-0.1617839465479347,0.6666666666666666,0.4128882364465208,2023-06-30,0.2764430283012032,2023-09-30,-0.10614258183976553
mixed_model,validation,15,0.005,top_15,24,3.235197370607743,3.2415637612067236,-0.006366390598980587,0.0674403658112569,-0.10914258183976555,-0.1617839465479347,0.6666666666666666,0.10868177905482163,2023-06-30,0.2734430283012032,2023-09-30,-0.10914258183976554
mixed_model,validation,15,0.01,top_15,24,2.7794933288513355,3.2415637612067236,-0.46207043235538814,0.0624403658112569,-0.11445127015039314,-0.1617839465479347,0.6666666666666666,-0.3576396393228411,2023-06-30,0.2684430283012032,2023-09-30,-0.11414258183976553
momentum_heavy,out_of_sample,3,0.001,top_3,33,0.7405114982570313,0.4441212218732671,0.29639027638376425,0.019955643667679296,-0.16337040571947692,-0.17278048838539306,0.6363636363636364,0.2878312831266286,2025-12-31,0.274326540254691,2026-02-28,-0.12960109111342613
momentum_heavy,out_of_sample,3,0.002,top_3,33,0.6847524404159453,0.4441212218732671,0.24063121854267822,0.018955643667679295,-0.16603710642668634,-0.17278048838539306,0.6060606060606061,0.21158730871960857,2025-12-31,0.273326540254691,2026-02-28,-0.13060109111342613
momentum_heavy,out_of_sample,3,0.005,top_3,33,0.5276691286121149,0.4441212218732671,0.08354790673884782,0.015955643667679296,-0.17400326928592602,-0.17278048838539306,0.5454545454545454,0.008268640894268486,2025-12-31,0.270326540254691,2026-02-28,-0.13360109111342613
momentum_heavy,out_of_sample,3,0.01,top_3,33,0.296885618632287,0.4441212218732671,-0.14723560324098006,0.0109556436676793,-0.1923791541660973,-0.17278048838539306,0.45454545454545453,-0.30472118430044737,2025-12-31,0.265326540254691,2026-02-28,-0.13860109111342614
momentum_heavy,out_of_sample,5,0.001,top_5,33,0.3545327543253942,0.4441212218732671,-0.08958846754787286,0.011945658833405445,-0.19841288617841413,-0.17278048838539306,0.5454545454545454,-0.2136869671774284,2025-12-31,0.2364717394308512,2024-09-30,-0.11950024000619797
momentum_heavy,out_of_sample,5,0.002,top_5,33,0.3108243718576935,0.4441212218732671,-0.13329685001557356,0.010945658833405444,-0.20136005301755677,-0.17278048838539306,0.5454545454545454,-0.2632896833234144,2025-12-31,0.2354717394308512,2024-09-30,-0.12050024000619797
momentum_heavy,out_of_sample,5,0.005,top_5,33,0.18774689279091006,0.4441212218732671,-0.256374329082357,0.007945658833405445,-0.2255685861411909,-0.17278048838539306,0.5454545454545454,-0.43478422863746613,2025-12-31,0.2324717394308512,2024-09-30,-0.12350024000619797
momentum_heavy,out_of_sample,5,0.01,top_5,33,0.0070920952486204225,0.4441212218732671,-0.43702912662464666,0.0029456588334054483,-0.2644525732309122,-0.17278048838539306,0.5151515151515151,-0.7083585155107135,2025-12-31,0.2274717394308512,2024-09-30,-0.12850024000619797
momentum_heavy,out_of_sample,10,0.001,top_10,33,0.4487340635251351,0.4441212218732671,0.004612841651868038,0.013882787125490511,-0.19767508135987744,-0.17278048838539306,0.5454545454545454,-0.11801004834061413,2025-12-31,0.24168888848018175,2024-09-30,-0.11427799093802023
momentum_heavy,out_of_sample,10,0.002,top_10,33,0.4020857961961546,0.4441212218732671,-0.04203542567711249,0.012882787125490514,-0.2066479017533306,-0.17278048838539306,0.5151515151515151,-0.1977554716080161,2025-12-31,0.24068888848018175,2024-09-30,-0.11527799093802023
momentum_heavy,out_of_sample,10,0.005,top_10,33,0.2707120461646728,0.4441212218732671,-0.17340917570859427,0.00988278712549051,-0.2330219731141593,-0.17278048838539306,0.5151515151515151,-0.38187736436115527,2025-12-31,0.23768888848018174,2024-09-30,-0.11827799093802023
momentum_heavy,out_of_sample,10,0.01,top_10,33,0.07782694075620045,0.4441212218732671,-0.36629428111706663,0.004882787125490514,-0.2752135012823569,-0.17278048838539306,0.48484848484848486,-0.674297041257538,2025-12-31,0.23268888848018174,2024-09-30,-0.12327799093802022
momentum_heavy,out_of_sample,15,0.001,top_15,33,0.639816584964829,0.4441212218732671,0.19569536309156188,0.017283298108538542,-0.16394089502059717,-0.17278048838539306,0.6060606060606061,0.1708438760806706,2025-12-31,0.22293609439542086,2024-09-30,-0.10314265982378311
momentum_heavy,out_of_sample,15,0.002,top_15,33,0.5872310405998757,0.4441212218732671,0.14310981872660866,0.01628329810853854,-0.16799699582635752,-0.17278048838539306,0.6060606060606061,0.11014613010419666,2025-12-31,0.22193609439542086,2024-09-30,-0.10414265982378311
momentum_heavy,out_of_sample,15,0.005,top_15,33,0.439097919030216,0.4441212218732671,-0.005023302843051081,0.013283298108538542,-0.19310547785733145,-0.17278048838539306,0.5757575757575758,-0.10335547067892609,2025-12-31,0.21893609439542086,2024-09-30,-0.10714265982378311
momentum_heavy,out_of_sample,15,0.01,top_15,33,0.22149277249907873,0.4441212218732671,-0.22262844937418835,0.008283298108538546,-0.2334415219657755,-0.17278048838539306,0.5454545454545454,-0.41678422057846665,2025-12-31,0.21393609439542086,2024-09-30,-0.1121426598237831
momentum_heavy,train,3,0.001,top_3,43,1.2283860323714126,1.075422626952499,0.15296340541891373,0.022681866995496323,-0.33572101392083387,-0.24757740982109977,0.6511627906976745,-0.19289722707391677,2021-10-31,0.23640879433263795,2020-02-29,-0.24828406333569844
momentum_heavy,train,3,0.002,top_3,43,1.1358885097427858,1.075422626952499,0.06046588279028686,0.021681866995496322,-0.3380154189795901,-0.24757740982109977,0.6511627906976745,-0.2899835598200561,2021-10-31,0.23540879433263795,2020-02-29,-0.24928406333569844
momentum_heavy,train,3,0.005,top_3,43,0.8803251239925458,1.075422626952499,-0.1950975029599531,0.018681866995496323,-0.3520198021790252,-0.24757740982109977,0.6511627906976745,-0.5735557119691662,2021-10-31,0.23240879433263795,2020-02-29,-0.2522840633356984
momentum_heavy,train,3,0.01,top_3,43,0.5192213487683981,1.075422626952499,-0.5562012781841008,0.013681866995496327,-0.37592705427862416,-0.24757740982109977,0.627906976744186,-0.9941018983692561,2021-10-31,0.22740879433263794,2020-02-29,-0.2572840633356984
momentum_heavy,train,5,0.001,top_5,43,2.0897290534305637,1.075422626952499,1.0143064264780648,0.029729839606372162,-0.24270110320422655,-0.24757740982109977,0.6511627906976745,0.8544856154184489,2021-10-31,0.20338354784025642,2020-02-29,-0.15355181571252569
momentum_heavy,train,5,0.002,top_5,43,1.962534114687473,1.075422626952499,0.8871114877349742,0.028729839606372168,-0.2451962644142508,-0.24757740982109977,0.6511627906976745,0.7223003542553098,2021-10-31,0.20238354784025642,2020-02-29,-0.1545518157125257
momentum_heavy,train,5,0.005,top_5,43,1.610863832971297,1.075422626952499,0.5354412060187981,0.02572983960637216,-0.2526489219648107,-0.24757740982109977,0.6511627906976745,0.3557247574380139,2021-10-31,0.19938354784025641,2020-02-29,-0.1575518157125257
momentum_heavy,train,5,0.01,top_5,43,1.113278545530159,1.075422626952499,0.03785591857766013,0.020729839606372164,-0.2809703075767993,-0.24757740982109977,0.6046511627906976,-0.22175911518058966,2021-10-31,0.1943835478402564,2020-02-29,-0.1625518157125257
momentum_heavy,train,10,0.001,top_10,43,1.7682294739350253,1.075422626952499,0.6928068469825264,0.027057490224293924,-0.23868243763067243,-0.24757740982109977,0.6511627906976745,0.5410233670700187,2021-10-31,0.22810189717264387,2020-02-29,-0.1653810571265779
momentum_heavy,train,10,0.002,top_10,43,1.653992186618082,1.075422626952499,0.5785695596655831,0.02605749022429392,-0.24042823040912664,-0.24757740982109977,0.6511627906976745,0.42329449419616705,2021-10-31,0.22710189717264387,2020-02-29,-0.1663810571265779
momentum_heavy,train,10,0.005,top_10,43,1.3382112686450967,1.075422626952499,0.26278864169259775,0.023057490224293927,-0.2465118901613612,-0.24757740982109977,0.627906976744186,0.08371834974196835,2021-10-31,0.22410189717264387,2020-02-29,-0.16938105712657792
momentum_heavy,train,10,0.01,top_10,43,0.8915882622801252,1.075422626952499,-0.18383436467237368,0.018057490224293926,-0.26136476807208786,-0.24757740982109977,0.5813953488372093,-0.41586622639794474,2021-10-31,0.21910189717264386,2020-02-29,-0.17438105712657792
momentum_heavy,train,15,0.001,top_15,43,1.7394363886614634,1.075422626952499,0.6640137617089645,0.02696371046119239,-0.25464592231371375,-0.24757740982109977,0.6046511627906976,0.45704749847688586,2021-10-31,0.22399384485903265,2020-02-29,-0.17166673910553726
momentum_heavy,train,15,0.002,top_15,43,1.6263450419534764,1.075422626952499,0.5509224150009775,0.025963710461192394,-0.2563730794895398,-0.24757740982109977,0.6046511627906976,0.3405018374172467,2021-10-31,0.22299384485903265,2020-02-29,-0.17266673910553726
momentum_heavy,train,15,0.005,top_15,43,1.313741367436287,1.075422626952499,0.2383187404837881,0.022963710461192395,-0.2616182421993384,-0.24757740982109977,0.5581395348837209,-0.005847976473028205,2021-10-31,0.21999384485903264,2020-02-29,-0.17566673910553726
momentum_heavy,train,15,0.01,top_15,43,0.8716393615831917,1.075422626952499,-0.20378326536930724,0.017963710461192394,-0.27384255738413754,-0.24757740982109977,0.5348837209302325,-0.48402651967246607,2021-10-31,0.21499384485903264,2020-02-29,-0.18066673910553727
momentum_heavy,validation,3,0.001,top_3,24,4.912051248982505,3.2415637612067236,1.6704874877757812,0.08439020466174967,-0.1158213451772071,-0.1617839465479347,0.625,1.751344797421367,2022-09-30,0.35959343201890687,2023-09-30,-0.11582134517720695
momentum_heavy,validation,3,0.002,top_3,24,4.780798868958962,3.2415637612067236,1.539235107752238,0.08339020466174966,-0.11682134517720699,-0.1617839465479347,0.625,1.618092417397824,2022-09-30,0.35859343201890687,2023-09-30,-0.11682134517720695
momentum_heavy,validation,3,0.005,top_3,24,4.403576202731042,3.2415637612067236,1.1620124415243183,0.08039020466174966,-0.11982134517720688,-0.1617839465479347,0.625,1.2348697511699045,2022-09-30,0.35559343201890686,2023-09-30,-0.11982134517720695
momentum_heavy,validation,3,0.01,top_3,24,3.8267034880845685,3.2415637612067236,0.5851397268778449,0.07539020466174966,-0.13432382817615085,-0.1617839465479347,0.625,0.6289920705255432,2022-09-30,0.35059343201890686,2023-09-30,-0.12482134517720694
momentum_heavy,validation,5,0.001,top_5,24,4.071054307156137,3.2415637612067236,0.8294905459494135,0.07702297505025431,-0.1506965133218131,-0.1617839465479347,0.6666666666666666,0.8614308526391206,2022-09-30,0.3083585501744959,2022-08-31,-0.10484547307956622
momentum_heavy,validation,5,0.002,top_5,24,3.957801845989847,3.2415637612067236,0.7162380847831233,0.07602297505025431,-0.15423268131644874,-0.1617839465479347,0.625,0.7202727221502259,2022-09-30,0.3073585501744959,2022-08-31,-0.10584547307956622
momentum_heavy,validation,5,0.005,top_5,24,3.6323957577193156,3.2415637612067236,0.39083199651259193,0.0730229750502543,-0.16477498916545008,-0.1617839465479347,0.625,0.37378201818169177,2022-09-30,0.3043585501744959,2022-08-31,-0.10884547307956623
momentum_heavy,validation,5,0.01,top_5,24,3.1350235013900827,3.2415637612067236,-0.10654025981664095,0.0680229750502543,-0.18212622695743852,-0.1617839465479347,0.625,-0.158292713731518,2022-09-30,0.2993585501744959,2022-08-31,-0.11384547307956622
momentum_heavy,validation,10,0.001,top_10,24,4.012327182801775,3.2415637612067236,0.770763421595051,0.0753850483623681,-0.1303762907946172,-0.1617839465479347,0.6666666666666666,0.8433441733391498,2022-07-31,0.31471791686668205,2023-09-30,-0.0877849299661297
momentum_heavy,validation,10,0.002,top_10,24,3.90044988197703,3.2415637612067236,0.6588861207703065,0.0743850483623681,-0.13397489673023888,-0.1617839465479347,0.6666666666666666,0.724269660643162,2022-07-31,0.31371791686668205,2023-09-30,-0.0887849299661297
momentum_heavy,validation,10,0.005,top_10,24,3.578988326230207,3.2415637612067236,0.3374245650234835,0.0713850483623681,-0.14470375127924096,-0.1617839465479347,0.6666666666666666,0.3813503957983349,2022-07-31,0.31071791686668204,2023-09-30,-0.0917849299661297
momentum_heavy,validation,10,0.01,top_10,24,3.0876243448766196,3.2415637612067236,-0.153939416330104,0.06638504836236811,-0.1623633510284116,-0.1617839465479347,0.6666666666666666,-0.14533278505359387,2022-07-31,0.30571791686668204,2023-09-30,-0.0967849299661297
momentum_heavy,validation,15,0.001,top_15,24,3.8191256699219807,3.2415637612067236,0.577561908715257,0.07342447978281537,-0.10514258183976555,-0.1617839465479347,0.6666666666666666,0.7006100783690592,2022-07-31,0.28728208590553156,2023-09-30,-0.10514258183976553
momentum_heavy,validation,15,0.002,top_15,24,3.7114035732620483,3.2415637612067236,0.46983981205532466,0.07242447978281537,-0.10614258183976555,-0.1617839465479347,0.6666666666666666,0.5908879817091268,2022-07-31,0.28628208590553156,2023-09-30,-0.10614258183976553
momentum_heavy,validation,15,0.005,top_15,24,3.401901161803771,3.2415637612067236,0.16033740059704726,0.06942447978281537,-0.11009790972854316,-0.1617839465479347,0.6666666666666666,0.27347491447329425,2022-07-31,0.28328208590553156,2023-09-30,-0.10914258183976554
momentum_heavy,validation,15,0.01,top_15,24,2.928878028395029,3.2415637612067236,-0.31268573281169454,0.06442447978281536,-0.12830351993123412,-0.1617839465479347,0.6666666666666666,-0.23595943934082947,2022-07-31,0.27828208590553155,2023-09-30,-0.11414258183976553
trend_following,out_of_sample,3,0.001,top_3,33,0.5907880200018456,0.4441212218732671,0.14666679812857852,0.016989554537575946,-0.17405806494624076,-0.17278048838539306,0.6363636363636364,0.11673248641791517,2025-12-31,0.274326540254691,2026-02-28,-0.12960109111342613
trend_following,out_of_sample,3,0.002,top_3,33,0.5396979918667597,0.4441212218732671,0.09557676999349263,0.015989554537575945,-0.17670099376850879,-0.17278048838539306,0.6060606060606061,0.045205085486778096,2025-12-31,0.273326540254691,2026-02-28,-0.13060109111342613
trend_following,out_of_sample,3,0.005,top_3,33,0.3957911982538884,0.4441212218732671,-0.04833002361937866,0.012989554537575948,-0.18459599977232133,-0.17278048838539306,0.5454545454545454,-0.1447947504367486,2025-12-31,0.270326540254691,2026-02-28,-0.13360109111342613
trend_following,out_of_sample,3,0.01,top_3,33,0.18443434719676355,0.4441212218732671,-0.25968687467650353,0.007989554537575948,-0.20278665779536875,-0.17278048838539306,0.45454545454545453,-0.43798746299451374,2025-12-31,0.265326540254691,2026-02-28,-0.13860109111342614
trend_following,out_of_sample,5,0.001,top_5,33,0.3842943037106461,0.4441212218732671,-0.05982691816262098,0.012671473114401217,-0.19180015052953736,-0.17278048838539306,0.5454545454545454,-0.170699946494423,2025-12-31,0.2364717394308512,2024-09-30,-0.11950024000619797
trend_following,out_of_sample,5,0.002,top_5,33,0.33965174813372156,0.4441212218732671,-0.10446947373954552,0.011671473114401216,-0.1944054325994402,-0.17278048838539306,0.5454545454545454,-0.22055306621115323,2025-12-31,0.2354717394308512,2024-09-30,-0.12050024000619797
trend_following,out_of_sample,5,0.005,top_5,33,0.21393899550718576,0.4441212218732671,-0.23018222636608132,0.008671473114401218,-0.20218773780049137,-0.17278048838539306,0.5454545454545454,-0.36183042923979136,2025-12-31,0.2324717394308512,2024-09-30,-0.12350024000619797
trend_following,out_of_sample,5,0.01,top_5,33,0.02940207170307052,0.4441212218732671,-0.41471915017019656,0.0036714731144012213,-0.23222856340140863,-0.17278048838539306,0.5454545454545454,-0.6064490042457411,2025-12-31,0.2274717394308512,2024-09-30,-0.12850024000619797
trend_following,out_of_sample,10,0.001,top_10,33,0.402796994757042,0.4441212218732671,-0.041324227116225076,0.012810025593735588,-0.21326525378389194,-0.17278048838539306,0.5454545454545454,-0.19512746195673625,2025-12-31,0.24168888848018175,2024-09-30,-0.11427799093802023
trend_following,out_of_sample,10,0.002,top_10,33,0.35758802224895403,0.4441212218732671,-0.08653319962431305,0.011810025593735589,-0.22207823562891882,-0.17278048838539306,0.5151515151515151,-0.2731139133063931,2025-12-31,0.24068888848018175,2024-09-30,-0.11527799093802023
trend_following,out_of_sample,10,0.005,top_10,33,0.2302749276749414,0.4441212218732671,-0.21384629419832568,0.00881002559373559,-0.24798159843066836,-0.17278048838539306,0.5151515151515151,-0.45223373348390483,2025-12-31,0.23768888848018174,2024-09-30,-0.11827799093802023
trend_following,out_of_sample,10,0.01,top_10,33,0.043373068647747814,0.4441212218732671,-0.40074815322551927,0.0038100255937355914,-0.2894172523257822,-0.17278048838539306,0.48484848484848486,-0.7371584154528412,2025-12-31,0.23268888848018174,2024-09-30,-0.12327799093802022
trend_following,out_of_sample,15,0.001,top_15,33,0.6168069738293465,0.4441212218732671,0.17268575195607938,0.01684072038451089,-0.17118497855323955,-0.17278048838539306,0.6060606060606061,0.1333460978799033,2025-12-31,0.2229360943954209,2024-09-30,-0.10314265982378311
trend_following,out_of_sample,15,0.002,top_15,33,0.5649379289772112,0.4441212218732671,0.1208167071039441,0.015840720384510888,-0.17465766767171542,-0.17278048838539306,0.6060606060606061,0.0745316747908163,2025-12-31,0.2219360943954209,2024-09-30,-0.10414265982378311
trend_following,out_of_sample,15,0.005,top_15,33,0.4188270255472393,0.4441212218732671,-0.025294196326027807,0.012840720384510887,-0.19611874332943668,-0.17278048838539306,0.5757575757575758,-0.12965289510611328,2025-12-31,0.2189360943954209,2024-09-30,-0.10714265982378311
trend_following,out_of_sample,15,0.01,top_15,33,0.20420384172454842,0.4441212218732671,-0.23991738014871866,0.007840720384510893,-0.23631802719016903,-0.17278048838539306,0.5151515151515151,-0.45497767695329916,2025-12-31,0.21393609439542088,2024-09-30,-0.1121426598237831
trend_following,train,3,0.001,top_3,43,1.4268063271097207,1.075422626952499,0.35138370015722176,0.024701887920702433,-0.34061336154819966,-0.24757740982109977,0.6511627906976745,-0.004261627590340322,2021-10-31,0.23640879433263795,2020-02-29,-0.24828406333569844
trend_following,train,3,0.002,top_3,43,1.3262671010188591,1.075422626952499,0.25084447406636023,0.023701887920702436,-0.3455279498339373,-0.24757740982109977,0.6511627906976745,-0.11463003025267715,2021-10-31,0.23540879433263795,2020-02-29,-0.24928406333569844
trend_following,train,3,0.005,top_3,43,1.0484402500655499,1.075422626952499,-0.026982376886949044,0.020701887920702433,-0.3600842255289366,-0.24757740982109977,0.6511627906976745,-0.421569432595985,2021-10-31,0.23240879433263795,2020-02-29,-0.2522840633356984
trend_following,train,3,0.01,top_3,43,0.6557512719288241,1.075422626952499,-0.4196713550236748,0.015701887920702436,-0.38372963020374395,-0.24757740982109977,0.627906976744186,-0.8731771270590697,2021-10-31,0.22740879433263794,2020-02-29,-0.2572840633356984
trend_following,train,5,0.001,top_5,43,2.3545362177573197,1.075422626952499,1.2791135908048208,0.03168786706584144,-0.24270110320422666,-0.24757740982109977,0.6976744186046512,1.142548593698693,2021-10-31,0.20338354784025642,2020-02-29,-0.15355181571252569
trend_following,train,5,0.002,top_5,43,2.216698873892605,1.075422626952499,1.141276246940106,0.030687867065841444,-0.2451962644142507,-0.24757740982109977,0.6976744186046512,0.9997209274139303,2021-10-31,0.20238354784025642,2020-02-29,-0.1545518157125257
trend_following,train,5,0.005,top_5,43,1.8355450842316388,1.075422626952499,0.7601224572791399,0.02768786706584143,-0.2526489219648107,-0.24757740982109977,0.6744186046511628,0.5920339156750998,2021-10-31,0.19938354784025641,2020-02-29,-0.1575518157125257
trend_following,train,5,0.01,top_5,43,1.2960743408089055,1.075422626952499,0.22065171385640658,0.022687867065841437,-0.2649609576173696,-0.24757740982109977,0.6046511627906976,-0.006944619982983791,2021-10-31,0.1943835478402564,2020-02-29,-0.1625518157125257
trend_following,train,10,0.001,top_10,43,1.9019479131259236,1.075422626952499,0.8265252861734247,0.028030970473578134,-0.23413845022057733,-0.24757740982109977,0.6511627906976745,0.6838297810811073,2021-10-31,0.22810189717264387,2020-02-29,-0.1603995643092563
trend_following,train,10,0.002,top_10,43,1.7823399936197801,1.075422626952499,0.7069173666672812,0.027030970473578126,-0.2358892244918489,-0.24757740982109977,0.6511627906976745,0.5607203130324206,2021-10-31,0.22710189717264387,2020-02-29,-0.1613995643092563
trend_following,train,10,0.005,top_10,43,1.4516796366157076,1.075422626952499,0.37625700966320874,0.024030970473578127,-0.24199297611623516,-0.24757740982109977,0.627906976744186,0.20622454580283145,2021-10-31,0.22410189717264387,2020-02-29,-0.1643995643092563
trend_following,train,10,0.01,top_10,43,0.9839161626623916,1.075422626952499,-0.09150646429010734,0.019030970473578122,-0.2544278386527339,-0.24757740982109977,0.5813953488372093,-0.30966446717697044,2021-10-31,0.21910189717264386,2020-02-29,-0.16939956430925632
trend_following,train,15,0.001,top_15,43,1.7335486221568979,1.075422626952499,0.658125995204399,0.02691910348339135,-0.25464592231371364,-0.24757740982109977,0.6046511627906976,0.4511597319723205,2021-10-31,0.2239938448590326,2020-02-29,-0.17166673910553726
trend_following,train,15,0.002,top_15,43,1.6206939405943817,1.075422626952499,0.5452713136418827,0.02591910348339136,-0.2563730794895399,-0.24757740982109977,0.6046511627906976,0.33485073605815174,2021-10-31,0.2229938448590326,2020-02-29,-0.17266673910553726
trend_following,train,15,0.005,top_15,43,1.3087459085106645,1.075422626952499,0.23332328155816562,0.022919103483391358,-0.26154255101701873,-0.24757740982109977,0.5813953488372093,0.0009358539427328227,2021-10-31,0.2199938448590326,2020-02-29,-0.17566673910553726
trend_following,train,15,0.01,top_15,43,0.8675753064445344,1.075422626952499,-0.2078473205079645,0.017919103483391353,-0.27011833689615017,-0.24757740982109977,0.5581395348837209,-0.4690142268584044,2021-10-31,0.21499384485903258,2020-02-29,-0.18066673910553727
trend_following,validation,3,0.001,top_3,24,5.516772354695932,3.2415637612067236,2.275208593489208,0.08832217444228078,-0.1158213451772071,-0.1617839465479347,0.625,2.3560659031347937,2022-09-30,0.35959343201890687,2023-09-30,-0.11582134517720695
trend_following,validation,3,0.002,top_3,24,5.372736419554343,3.2415637612067236,2.1311726583476194,0.08732217444228078,-0.11682134517720699,-0.1617839465479347,0.625,2.210029967993205,2022-09-30,0.35859343201890687,2023-09-30,-0.11682134517720695
trend_following,validation,3,0.005,top_3,24,4.9586946679489134,3.2415637612067236,1.7171309067421898,0.08432217444228078,-0.119821345177207,-0.1617839465479347,0.625,1.7899882163877758,2022-09-30,0.35559343201890686,2023-09-30,-0.11982134517720695
trend_following,validation,3,0.01,top_3,24,4.325273248073204,3.2415637612067236,1.0837094868664803,0.07932217444228078,-0.12482134517720678,-0.1617839465479347,0.625,1.1465667965120667,2022-09-30,0.35059343201890686,2023-09-30,-0.12482134517720694
trend_following,validation,5,0.001,top_5,24,4.523718104603482,3.2415637612067236,1.2821543433967584,0.08033101396843238,-0.10484547307956626,-0.1617839465479347,0.6666666666666666,1.405796730570959,2022-09-30,0.3083585501744959,2022-08-31,-0.10484547307956622
trend_following,validation,5,0.002,top_5,24,4.400848167383549,3.2415637612067236,1.159284406176825,0.07933101396843238,-0.10584547307956627,-0.1617839465479347,0.625,1.2600934600176925,2022-09-30,0.3073585501744959,2022-08-31,-0.10584547307956622
trend_following,validation,5,0.005,top_5,24,4.047747660801021,3.2415637612067236,0.8061838995942976,0.07633101396843238,-0.10884547307956627,-0.1617839465479347,0.625,0.9009929534351651,2022-09-30,0.3043585501744959,2022-08-31,-0.10884547307956623
trend_following,validation,5,0.01,top_5,24,3.5078586133164835,3.2415637612067236,0.2662948521097599,0.07133101396843237,-0.11384547307956616,-0.1617839465479347,0.625,0.35110390595062757,2022-09-30,0.2993585501744959,2022-08-31,-0.11384547307956622
trend_following,validation,10,0.001,top_10,24,3.796737157332954,3.2415637612067236,0.5551733961262304,0.0730575680646967,-0.12945682231520894,-0.1617839465479347,0.6666666666666666,0.6295930848291458,2022-07-31,0.27603115678927553,2023-09-30,-0.0877849299661297
trend_following,validation,10,0.002,top_10,24,3.6895089821736473,3.2415637612067236,0.4479452209669237,0.0720575680646967,-0.1330582717008688,-0.1617839465479347,0.6666666666666666,0.5151620108985193,2022-07-31,0.27503115678927553,2023-09-30,-0.0887849299661297
trend_following,validation,10,0.005,top_10,24,3.3814266410698854,3.2415637612067236,0.13986287986316182,0.06905756806469669,-0.14379562143991553,-0.1617839465479347,0.6666666666666666,0.18560497031666406,2022-07-31,0.27203115678927553,2023-09-30,-0.0917849299661297
trend_following,validation,10,0.01,top_10,24,2.9105767634812114,3.2415637612067236,-0.3309869977255122,0.0640575680646967,-0.16146926300182174,-0.1617839465479347,0.6666666666666666,-0.3205921903958224,2022-07-31,0.2670311567892755,2023-09-30,-0.0967849299661297
trend_following,validation,15,0.001,top_15,24,3.8584431187063215,3.2415637612067236,0.6168793574995979,0.07381331312053062,-0.09536512522512708,-0.1617839465479347,0.6666666666666666,0.759482440382677,2022-07-31,0.2872820859055315,2023-09-30,-0.09536512522512709
trend_following,validation,15,0.002,top_15,24,3.7498773170638655,3.2415637612067236,0.5083135558571419,0.07281331312053062,-0.09860312129330318,-0.1617839465479347,0.6666666666666666,0.6444406466038688,2022-07-31,0.2862820859055315,2023-09-30,-0.0963651252251271
trend_following,validation,15,0.005,top_15,24,3.4379464116291896,3.2415637612067236,0.19638265042246594,0.06981331312053062,-0.10966648283025837,-0.1617839465479347,0.6666666666666666,0.3103830180952825,2022-07-31,0.2832820859055315,2023-09-30,-0.0993651252251271
trend_following,validation,15,0.01,top_15,24,2.961198208660901,3.2415637612067236,-0.2803655525458226,0.06481331312053062,-0.1278788993068204,-0.1617839465479347,0.6666666666666666,-0.2027900178261301,2022-07-31,0.2782820859055315,2023-09-30,-0.10436512522512709
volume_heavy,out_of_sample,3,0.001,top_3,33,0.2622402389993592,0.4441212218732671,-0.18188098287390786,0.010295914771360977,-0.1990051924790024,-0.17278048838539306,0.5151515151515151,-0.32231561025615507,2025-12-31,0.2395056375071013,2026-02-28,-0.13432835877178392
volume_heavy,out_of_sample,3,0.002,top_3,33,0.22140383496297344,0.4441212218732671,-0.22271738691029364,0.009295914771360977,-0.2015967959827507,-0.17278048838539306,0.5151515151515151,-0.3683352213000375,2025-12-31,0.2385056375071013,2026-02-28,-0.13532835877178392
volume_heavy,out_of_sample,3,0.005,top_3,33,0.10643248869781718,0.4441212218732671,-0.3376887331754499,0.006295914771360976,-0.20933814052337518,-0.17278048838539306,0.45454545454545453,-0.529092286949473,2025-12-31,0.2355056375071013,2026-02-28,-0.13832835877178393
volume_heavy,out_of_sample,3,0.01,top_3,33,-0.06226788669118821,0.4441212218732671,-0.5063891085644553,0.0012959147713609775,-0.2619156257877596,-0.17278048838539306,0.42424242424242425,-0.8180991480187625,2025-12-31,0.2305056375071013,2026-02-28,-0.14332835877178393
volume_heavy,out_of_sample,5,0.001,top_5,33,0.27571443798179973,0.4441212218732671,-0.16840678389146735,0.01017320484930797,-0.21816419600498693,-0.17278048838539306,0.5757575757575758,-0.3168563880226533,2025-12-31,0.2364717394308512,2024-09-30,-0.13910004610378174
volume_heavy,out_of_sample,5,0.002,top_5,33,0.23447315359366816,0.4441212218732671,-0.20964806827959892,0.009173204849307968,-0.22071281698164136,-0.17278048838539306,0.5757575757575758,-0.36319491436409373,2025-12-31,0.2354717394308512,2024-09-30,-0.14010004610378174
volume_heavy,out_of_sample,5,0.005,top_5,33,0.11835648218566797,0.4441212218732671,-0.3257647396875991,0.006173204849307971,-0.22832550431043175,-0.17278048838539306,0.5454545454545454,-0.5096884755811899,2025-12-31,0.2324717394308512,2024-09-30,-0.14310004610378174
volume_heavy,out_of_sample,5,0.01,top_5,33,-0.05204051318222869,0.4441212218732671,-0.49616173505549577,0.0011732048493079694,-0.24090309118783937,-0.17278048838539306,0.45454545454545453,-0.7506951901584472,2025-12-31,0.2274717394308512,2024-09-30,-0.14810004610378175
volume_heavy,out_of_sample,10,0.001,top_10,33,0.4623491596134863,0.4441212218732671,0.018227937740219247,0.014275047223065666,-0.20492973586414165,-0.17278048838539306,0.5151515151515151,-0.13405577641230648,2025-12-31,0.24168888848018175,2024-09-30,-0.11429753132979906
volume_heavy,out_of_sample,10,0.002,top_10,33,0.4152712628792763,0.4441212218732671,-0.028849958993990787,0.013275047223065667,-0.213043567503437,-0.17278048838539306,0.5151515151515151,-0.19736133642510723,2025-12-31,0.24068888848018175,2024-09-30,-0.11529753132979906
volume_heavy,out_of_sample,10,0.005,top_10,33,0.28268594188819307,0.4441212218732671,-0.161435279985074,0.010275047223065667,-0.23866895450593906,-0.17278048838539306,0.48484848484848486,-0.3963489465727097,2025-12-31,0.23768888848018174,2024-09-30,-0.11829753132979906
volume_heavy,out_of_sample,10,0.01,top_10,33,0.08801720928405321,0.4441212218732671,-0.35610401258921387,0.005275047223065668,-0.2805857843021957,-0.17278048838539306,0.48484848484848486,-0.6748513387693629,2025-12-31,0.23268888848018174,2024-09-30,-0.12329753132979905
volume_heavy,out_of_sample,15,0.001,top_15,33,0.5553104531440238,0.4441212218732671,0.11118923127075675,0.015681763045317453,-0.1660917105759565,-0.17278048838539306,0.6060606060606061,0.08203611314914677,2025-12-31,0.21931431748642263,2024-09-30,-0.09144945097987431
volume_heavy,out_of_sample,15,0.002,top_15,33,0.5053547907969338,0.4441212218732671,0.061233568923666715,0.014681763045317453,-0.174556243146325,-0.17278048838539306,0.6060606060606061,0.015151385661319738,2025-12-31,0.21831431748642263,2024-09-30,-0.09244945097987431
volume_heavy,out_of_sample,15,0.005,top_15,33,0.3646444071197499,0.4441212218732671,-0.0794768147535172,0.01168176304531745,-0.19948805951310689,-0.17278048838539306,0.5757575757575758,-0.19057414590094307,2025-12-31,0.21531431748642263,2024-09-30,-0.09544945097987431
volume_heavy,out_of_sample,15,0.01,top_15,33,0.15798562924335324,0.4441212218732671,-0.28613559262991384,0.0066817630453174515,-0.2395390378201655,-0.17278048838539306,0.5454545454545454,-0.49248639554297213,2025-12-31,0.21031431748642263,2024-09-30,-0.1004494509798743
volume_heavy,train,3,0.001,top_3,43,1.3381620603508941,1.075422626952499,0.26273943339839523,0.023771195271366896,-0.37425970264870234,-0.24757740982109977,0.6511627906976745,-0.16019857655017222,2020-11-30,0.19095540442665515,2020-02-29,-0.24828406333569844
volume_heavy,train,3,0.002,top_3,43,1.2412100244542463,1.075422626952499,0.16578739750174742,0.0227711952713669,-0.37584283448455336,-0.24757740982109977,0.6511627906976745,-0.26031687611852206,2020-11-30,0.18995540442665515,2020-02-29,-0.24928406333569844
volume_heavy,train,3,0.005,top_3,43,0.9733154538927593,1.075422626952499,-0.1021071730597396,0.0197711952713669,-0.38058022999210583,-0.24757740982109977,0.6511627906976745,-0.537686237695114,2020-11-30,0.18695540442665515,2020-02-29,-0.2522840633356984
volume_heavy,train,3,0.01,top_3,43,0.5947206979874935,1.075422626952499,-0.4807019289650054,0.0147711952713669,-0.3884358891713603,-0.24757740982109977,0.6511627906976745,-0.9319923119588888,2020-11-30,0.18195540442665514,2020-02-29,-0.2572840633356984
volume_heavy,train,5,0.001,top_5,43,1.8217279896979353,1.075422626952499,0.7463053627454364,0.02735261336363067,-0.2654368491681022,-0.24757740982109977,0.6744186046511628,0.5526409667348133,2021-10-31,0.21732124504957737,2020-02-29,-0.1962822259527685
volume_heavy,train,5,0.002,top_5,43,1.705348170048631,1.075422626952499,0.6299255430961321,0.02635261336363067,-0.2671535235256063,-0.24757740982109977,0.6744186046511628,0.43282779837050095,2021-10-31,0.21632124504957737,2020-02-29,-0.1972822259527685
volume_heavy,train,5,0.005,top_5,43,1.3836298817036266,1.075422626952499,0.30820725475112765,0.02335261336363067,-0.27229154659811927,-0.24757740982109977,0.6046511627906976,0.06594974295023792,2021-10-31,0.21332124504957736,2020-02-29,-0.2002822259527685
volume_heavy,train,5,0.01,top_5,43,0.928567051133784,1.075422626952499,-0.1468555758187149,0.018352613363630668,-0.28081491838564054,-0.24757740982109977,0.5813953488372093,-0.4177877381713913,2021-10-31,0.20832124504957736,2020-02-29,-0.20528222595276852
volume_heavy,train,10,0.001,top_10,43,2.133382851050603,1.075422626952499,1.057960224098104,0.029903766218037198,-0.22678599534810018,-0.24757740982109977,0.6744186046511628,0.9415975357274851,2021-10-31,0.2212805131655699,2020-02-29,-0.1527006593946193
volume_heavy,train,10,0.002,top_10,43,2.0044572697571614,1.075422626952499,0.9290346428046625,0.028903766218037193,-0.22854485766095978,-0.24757740982109977,0.6511627906976745,0.7975263228315802,2021-10-31,0.2202805131655699,2020-02-29,-0.1537006593946193
volume_heavy,train,10,0.005,top_10,43,1.6479871786056912,1.075422626952499,0.5725645516531923,0.025903766218037194,-0.23380944459953867,-0.24757740982109977,0.627906976744186,0.418899150826208,2021-10-31,0.2172805131655699,2020-02-29,-0.1567006593946193
volume_heavy,train,10,0.01,top_10,43,1.1435680063076932,1.075422626952499,0.06814537935519427,0.020903766218037197,-0.2425437561638366,-0.24757740982109977,0.627906976744186,-0.10298864460038593,2021-10-31,0.2122805131655699,2020-02-29,-0.1617006593946193
volume_heavy,train,15,0.001,top_15,43,1.684531926875541,1.075422626952499,0.6091092999230421,0.02665160492444876,-0.2578494711178646,-0.24757740982109977,0.5813953488372093,0.38410803210591754,2021-10-31,0.22335821054159374,2020-02-29,-0.17166673910553726
volume_heavy,train,15,0.002,top_15,43,1.573638483119638,1.075422626952499,0.49821585616713904,0.02565160492444877,-0.25957276083000747,-0.24757740982109977,0.5813953488372093,0.2697680089257288,2021-10-31,0.22235821054159374,2020-02-29,-0.17266673910553726
volume_heavy,train,15,0.005,top_15,43,1.2671258044678075,1.075422626952499,0.19170317751530863,0.02265160492444877,-0.2647306299664365,-0.24757740982109977,0.5813953488372093,-0.047060407998959664,2021-10-31,0.21935821054159374,2020-02-29,-0.17566673910553726
volume_heavy,train,15,0.01,top_15,43,0.8336825292917525,1.075422626952499,-0.24174009766074644,0.01765160492444877,-0.2732870785271515,-0.24757740982109977,0.5813953488372093,-0.4976165802964448,2021-10-31,0.21435821054159374,2020-02-29,-0.18066673910553727
volume_heavy,validation,3,0.001,top_3,24,3.4850565994216414,3.2415637612067236,0.24349283821491774,0.07122405447511103,-0.11509627011004109,-0.1617839465479347,0.625,0.32580029799483556,2023-05-31,0.2854714915217823,2022-08-31,-0.09801308447127229
volume_heavy,validation,3,0.002,top_3,24,3.3844066477437735,3.2415637612067236,0.1428428865370499,0.07022405447511103,-0.11786431430272448,-0.1617839465479347,0.625,0.21961425793160094,2023-05-31,0.2844714915217823,2022-08-31,-0.09901308447127229
volume_heavy,validation,3,0.005,top_3,24,3.095272229157964,3.2415637612067236,-0.14629153204875944,0.06722405447511103,-0.1261338702524628,-0.1617839465479347,0.625,-0.08605927255368506,2023-05-31,0.2814714915217823,2022-08-31,-0.10201308447127229
volume_heavy,validation,3,0.01,top_3,24,2.6535278142181067,3.2415637612067236,-0.5880359469886169,0.06222405447511103,-0.13980156807432242,-0.1617839465479347,0.5833333333333334,-0.575972416470595,2023-05-31,0.2764714915217823,2022-08-31,-0.10701308447127228
volume_heavy,validation,5,0.001,top_5,24,3.152612779175847,3.2415637612067236,-0.0889509820308767,0.06745706932962488,-0.10894828409783153,-0.1617839465479347,0.625,0.005652449773460244,2023-05-31,0.2701950252573179,2023-09-30,-0.10894828409783157
volume_heavy,validation,5,0.002,top_5,24,3.0591596746122898,3.2415637612067236,-0.18240408659443386,0.06645706932962488,-0.10994828409783153,-0.1617839465479347,0.625,-0.08980065479009691,2023-05-31,0.2691950252573179,2023-09-30,-0.10994828409783157
volume_heavy,validation,5,0.005,top_5,24,2.7907330489489586,3.2415637612067236,-0.45083071225776505,0.06345706932962487,-0.11294828409783153,-0.1617839465479347,0.625,-0.3642272804534281,2023-05-31,0.2661950252573179,2023-09-30,-0.11294828409783157
volume_heavy,validation,5,0.01,top_5,24,2.3807295177063845,3.2415637612067236,-0.8608342435003391,0.058457069329624876,-0.11794828409783154,-0.1617839465479347,0.625,-0.7842308116960022,2023-05-31,0.2611950252573179,2023-09-30,-0.11794828409783156
volume_heavy,validation,10,0.001,top_10,24,3.8076779636857125,3.2415637612067236,0.5661142024789889,0.07338094359087076,-0.13071166974807824,-0.1617839465479347,0.6666666666666666,0.6380241963161657,2022-09-30,0.2666550785225647,2023-09-30,-0.11019855739083721
volume_heavy,validation,10,0.002,top_10,24,3.700191401633517,3.2415637612067236,0.45862764042679327,0.07238094359087076,-0.1343099872346779,-0.1617839465479347,0.6666666666666666,0.5233409992907707,2022-09-30,0.2656550785225647,2023-09-30,-0.11119855739083721
volume_heavy,validation,10,0.005,top_10,24,3.391368129437865,3.2415637612067236,0.14980436823114118,0.06938094359087076,-0.1450379705321876,-0.1617839465479347,0.6666666666666666,0.19306176050009932,2022-09-30,0.2626550785225647,2023-09-30,-0.11419855739083722
volume_heavy,validation,10,0.01,top_10,24,2.919390386969164,3.2415637612067236,-0.32217337423755943,0.06438094359087075,-0.1626960986754803,-0.1617839465479347,0.6666666666666666,-0.3142322382551867,2022-09-30,0.2576550785225647,2023-09-30,-0.1191985573908372
volume_heavy,validation,15,0.001,top_15,24,4.022800026419345,3.2415637612067236,0.7812362652126215,0.07495722151848627,-0.08963055702495493,-0.1617839465479347,0.6666666666666666,0.9353084844960449,2023-06-30,0.2774430283012032,2023-09-30,-0.08963055702495498
volume_heavy,validation,15,0.002,top_15,24,3.9107485420898005,3.2415637612067236,0.6691847808830769,0.07395722151848627,-0.09063055702495504,-0.1617839465479347,0.6666666666666666,0.8212570001665,2023-06-30,0.2764430283012032,2023-09-30,-0.09063055702495498
volume_heavy,validation,15,0.005,top_15,24,3.5887795407380985,3.2415637612067236,0.34721577953137484,0.07095722151848628,-0.09363055702495493,-0.1617839465479347,0.6666666666666666,0.4932879988147983,2023-06-30,0.2734430283012032,2023-09-30,-0.09363055702495499
volume_heavy,validation,15,0.01,top_15,24,3.0966184274011734,3.2415637612067236,-0.1449453338055502,0.06595722151848628,-0.10842983204692236,-0.1617839465479347,0.6666666666666666,-0.028471664566061594,2023-06-30,0.2684430283012032,2023-09-30,-0.09863055702495498
